Path,Parent,Purpose class,Purpose statement,Location verdict,Evidence,Ref touch,Parent align,Wave,Section
packages/frameworks/workflow-mgt/,packages/frameworks,Framework SoT,"Primary workflow framework: RW/UKW/IPW/IDW validators, installers, registry, KB",Optimal,workflow-mgt/README.md; rw-config scripts_path; FR-110 SoT,High,Consistent,keep,framework-packages
packages/frameworks/kanban/,packages/frameworks,Framework SoT,"Kanban framework: policies, templates, installers, KMA guardrails, scripts",Optimal,kanban/README.md; docs/kanban/AGENTS.md consumer boundary,High,Consistent,keep,framework-packages
packages/frameworks/numbering-versioning/,packages/frameworks,Framework SoT,Portable numbering/versioning policy package for adopters,Optimal,numbering-versioning/README.md; dev-kit-versioning-policy cross-ref,Medium,Consistent,keep,framework-packages
packages/frameworks/doc-lifecycle/,packages/frameworks,Framework SoT,Document lifecycle metadata policy and housekeeping framework,Optimal,doc-lifecycle/README.md; .cursorrules lifecycle frontmatter,Medium,Consistent,keep,framework-packages
packages/frameworks/debug-path/,packages/frameworks,Framework SoT,Debug Path Framework (DPF) and Debug Round Workflow methodology,Optimal,debug-path/README.md; optional adopter bundle,Low,Consistent,keep,framework-packages
packages/frameworks/tooling-automation/,packages/frameworks,Framework SoT,"CQG validators, generators, and maintainer automation helpers",Acceptable,validators/README.md; no package-root README (gap vs other packages),Medium,Consistent,keep (add README in follow-on),framework-packages
packages/frameworks/workflow-mgt/README.md,packages/frameworks,Framework SoT,"Workflow framework package index, registry pointer, adopter install notes",Optimal,FR-110 lean vendor; workflow-registry.yaml,High,Consistent,keep,framework-packages
packages/frameworks/kanban/README.md,packages/frameworks,Framework SoT,Kanban package index with consumer vs framework tree boundary,Optimal,FR-110; install_kanban_framework.py entry,High,Consistent,keep,framework-packages
packages/frameworks/numbering-versioning/README.md,packages/frameworks,Framework SoT,Numbering/versioning policy package index,Optimal,integration/ examples; governance cross-links,Medium,Consistent,keep,framework-packages
packages/frameworks/doc-lifecycle/README.md,packages/frameworks,Framework SoT,Document lifecycle framework index,Optimal,evergreen/timeboxed/transient policy,Medium,Consistent,keep,framework-packages
packages/frameworks/debug-path/README.md,packages/frameworks,Framework SoT,Debug Path Framework index,Optimal,optional DRW methodology bundle,Low,Consistent,keep,framework-packages
packages/frameworks/workflow-mgt/scripts/validation/validate_branch_context.py,packages/frameworks,Operational,RW Step 1 branch/epic safety gate,Optimal,.cursorrules Step 1; rw-config scripts_path,High,Consistent,keep,framework-packages
packages/frameworks/workflow-mgt/scripts/validation/validate_rw_task_complete.py,packages/frameworks,Operational,RW Step 1c task doc releasability gate (FR-060),Optimal,.cursorrules Step 1c,High,Consistent,keep,framework-packages
packages/frameworks/workflow-mgt/scripts/validation/validate_rw_task_intent.py,packages/frameworks,Operational,RW Step 1d version/task intent guard (BR-056),Optimal,.cursorrules Step 1d,High,Consistent,keep,framework-packages
packages/frameworks/workflow-mgt/scripts/validation/validate_allocator_health.py,packages/frameworks,Operational,RW Step 1e SAA allocator preflight (FR-122),Optimal,.cursorrules Step 1e; ADR-027,High,Consistent,keep,framework-packages
packages/frameworks/workflow-mgt/scripts/validation/validate_git_tag_occupancy.py,packages/frameworks,Operational,RW Step 1f predicted tag namespace gate (FR-122),Optimal,.cursorrules Step 1f,High,Consistent,keep,framework-packages
packages/frameworks/workflow-mgt/scripts/validation/validate_version_bump.py,packages/frameworks,Operational,RW Step 9 version schema and BUILD resolver check,Optimal,.cursorrules Step 9; BR-097,High,Consistent,keep,framework-packages
packages/frameworks/workflow-mgt/scripts/validation/validate_changelog_format.py,packages/frameworks,Operational,RW Step 9 changelog structure gate,Optimal,.cursorrules Step 9,High,Consistent,keep,framework-packages
packages/frameworks/workflow-mgt/scripts/validation/validate_release_tag_immutability.py,packages/frameworks,Operational,RW Step 9 release tag collision guard (BR-097),Optimal,.cursorrules Step 9,High,Consistent,keep,framework-packages
packages/frameworks/workflow-mgt/scripts/validation/validate_changelog_archive_links.py,packages/frameworks,Operational,RW Step 9 archive link advisory,Optimal,.cursorrules Step 9; BR-074,Medium,Consistent,keep,framework-packages
packages/frameworks/workflow-mgt/scripts/validation/validate_board_stamp_diff.py,packages/frameworks,Operational,RW/UKW board row stamp evidence gate (FR-097),Optimal,.cursorrules Step 9; ADR-029,High,Consistent,keep,framework-packages
packages/frameworks/workflow-mgt/scripts/validation/validate_kanban_state_icons.py,packages/frameworks,Operational,RW Step 9 MoSCOW state icon gate (UXR-012),Optimal,.cursorrules Step 9,High,Consistent,keep,framework-packages
packages/frameworks/workflow-mgt/scripts/validation/validate_active_kanban_board.py,packages/frameworks,Operational,RW/UKW lean active board gate (FR-109),Optimal,.cursorrules Step 9; UKW Step 6,High,Consistent,keep,framework-packages
packages/frameworks/workflow-mgt/scripts/validation/validate_semver_registry_injective.py,packages/frameworks,Operational,RW Step 9 task-touch registry injectivity (FR-045),Optimal,rw-config semver_mapping_strategy,High,Consistent,keep,framework-packages
packages/frameworks/workflow-mgt/scripts/validation/validate_task_touch_release_contract.py,packages/frameworks,Operational,RW Step 9 task-touch release contract gate,Optimal,.cursorrules Step 9,High,Consistent,keep,framework-packages
packages/frameworks/workflow-mgt/scripts/validation/validate_release_coherence.py,packages/frameworks,Operational,RW Step 9 cross-surface coherence gate (FR-122),Optimal,rw-config release_coherence.enabled,High,Consistent,keep,framework-packages
packages/frameworks/workflow-mgt/scripts/validation/validate_actions_ci_parity.py,packages/frameworks,Operational,RW Step 9.7 local CI parity gate (FR-112),Optimal,.cursorrules Step 9.7; rw-config,High,Consistent,keep,framework-packages
packages/frameworks/workflow-mgt/scripts/validation/validate_rw_tag_authority.py,packages/frameworks,Operational,RW Step 11 pre/post annotated tag authority (FR-122),Optimal,.cursorrules Step 11,High,Consistent,keep,framework-packages
packages/frameworks/workflow-mgt/scripts/validation/validate_board_stamps_precommit.py,packages/frameworks,Operational,Pre-commit homogenous stamp batching blocker,Optimal,FR-097; UKW hygiene,High,Consistent,keep,framework-packages
packages/frameworks/workflow-mgt/scripts/validation/validate_kanban_governance_policy.py,packages/frameworks,Operational,Kanban policy conformance validator,Optimal,kanban/policies/kanban-governance-policy.md,Medium,Consistent,keep,framework-packages
packages/frameworks/workflow-mgt/scripts/validation/validate_fbu_directory.py,packages/frameworks,Operational,FR/BR/UXR directory layout gate,Optimal,fbu-directory-migration-guide.md,Medium,Consistent,keep,framework-packages
packages/frameworks/workflow-mgt/scripts/validation/validate_install_rc.py,packages/frameworks,Operational,Greenfield/vendor install release-candidate checks (FR-108),Optimal,FR-110 adopter install path,Medium,Consistent,keep,framework-packages
packages/frameworks/workflow-mgt/scripts/validation/validate_ipw_publication_wiring.py,packages/frameworks,Operational,IPW publication wiring drift detector (FR-083),Optimal,P-IPW-GATE,Medium,Consistent,keep,framework-packages
packages/frameworks/workflow-mgt/scripts/validation/validate_ipw_status_drift.py,packages/frameworks,Operational,IPP/task status drift detector,Optimal,implementation-planning track,Medium,Consistent,keep,framework-packages
packages/frameworks/workflow-mgt/scripts/validation/validate_rw_split_brain_streak.py,packages/frameworks,Operational,RW split-brain streak detector,Optimal,release coherence program,Medium,Consistent,keep,framework-packages
packages/frameworks/workflow-mgt/scripts/validation/validate_semver_tag_alignment.py,packages/frameworks,Operational,SemVer tag alignment with internal version,Optimal,task_touch mode,Medium,Consistent,keep,framework-packages
packages/frameworks/workflow-mgt/scripts/validation/validate_semver_monotonic.py,packages/frameworks,Operational,SemVer monotonicity guard,Optimal,semver-registry.yaml,Medium,Consistent,keep,framework-packages
packages/frameworks/workflow-mgt/scripts/validation/validate_kanban_naming.py,packages/frameworks,Operational,Kanban path/naming hygiene (UXR-017),Optimal,kanban governance,Medium,Consistent,keep,framework-packages
packages/frameworks/workflow-mgt/scripts/validation/validate_kanban_completed.py,packages/frameworks,Operational,Kanban completed ledger validator (FR-134),Optimal,kanban-completed skill,Medium,Consistent,keep,framework-packages
packages/frameworks/workflow-mgt/scripts/validation/validate_est_inline_format.py,packages/frameworks,Operational,E:S:T inline padding formatter gate (UXR-014),Optimal,est_format.py,Medium,Consistent,keep,framework-packages
packages/frameworks/workflow-mgt/scripts/validation/validate_workflow_encapsulation.py,packages/frameworks,Operational,Workflow registry encapsulation contract gate,Optimal,workflow-registry.yaml,Medium,Consistent,keep,framework-packages
packages/frameworks/workflow-mgt/scripts/version/resolve_rw_build.py,packages/frameworks,Operational,Deterministic RW BUILD resolver (BR-097),Optimal,RW version pipeline; rw-config,High,Consistent,keep,framework-packages
packages/frameworks/workflow-mgt/scripts/version/semver_converter.py,packages/frameworks,Operational,Internal↔SemVer conversion and RW tag creation,Optimal,RW version pipeline; rw-config,High,Consistent,keep,framework-packages
packages/frameworks/workflow-mgt/scripts/version/finalize_rw_semver_registry.py,packages/frameworks,Operational,Task-touch registry finalize at tag boundary,Optimal,RW version pipeline; rw-config,High,Consistent,keep,framework-packages
packages/frameworks/workflow-mgt/scripts/version/build_rw_commit_message.py,packages/frameworks,Operational,RW Step 10 commit message builder,Optimal,RW version pipeline; rw-config,High,Consistent,keep,framework-packages
packages/frameworks/workflow-mgt/scripts/version/push_rw_release.py,packages/frameworks,Operational,RW Step 12 scoped tag push helper (UXR-024),Optimal,RW version pipeline; rw-config,High,Consistent,keep,framework-packages
packages/frameworks/workflow-mgt/scripts/version/build_semver_registry.py,packages/frameworks,Operational,SemVer registry builder from git history,Optimal,RW version pipeline; rw-config,Medium,Consistent,keep,framework-packages
packages/frameworks/workflow-mgt/scripts/version/audit_semver_registry_collisions.py,packages/frameworks,Operational,Registry collision audit tool,Optimal,RW version pipeline; rw-config,Medium,Consistent,keep,framework-packages
packages/frameworks/workflow-mgt/scripts/version/repair_semver_registry_collisions.py,packages/frameworks,Operational,Registry collision repair tool,Optimal,RW version pipeline; rw-config,Medium,Consistent,keep,framework-packages
packages/frameworks/workflow-mgt/scripts/version/migrate_to_task_touch.py,packages/frameworks,Operational,Task-touch mapping migration utility,Optimal,RW version pipeline; rw-config,Medium,Consistent,keep,framework-packages
packages/frameworks/workflow-mgt/scripts/version/tag_collision_recovery.py,packages/frameworks,Operational,Tag collision recovery helper (BR-097),Optimal,RW version pipeline; rw-config,Medium,Consistent,keep,framework-packages
packages/frameworks/workflow-mgt/scripts/version/task_touch_registry_audit.py,packages/frameworks,Operational,Task-touch registry audit report,Optimal,RW version pipeline; rw-config,Medium,Consistent,keep,framework-packages
packages/frameworks/workflow-mgt/workflows/workflow-registry.yaml,packages/frameworks,Framework SoT,Machine-readable workflow registry (13 workflows + composites),Optimal,workflow-mgt/README.md canonical list,High,Consistent,keep,framework-packages
packages/frameworks/kanban/manifests/kma-agent-guardrails.yaml,packages/frameworks,Framework SoT,KMA agent guardrails manifest (agentic migration),Optimal,docs/kanban/AGENTS.md KMA section,Medium,Consistent,keep,framework-packages
packages/frameworks/tooling-automation/validators/__init__.py,packages/frameworks,Framework SoT,Validator package namespace entry,Acceptable,CQG operator guide; no pyproject at package root,Low,Consistent,keep,framework-packages
packages/frameworks/workflow-mgt/templates/**,packages/frameworks,Framework SoT,"Workflow/doc templates (ICW, comprehension, planning)",Optimal,~11 template files; workflow-mgt/README What's Included,Low,Consistent,keep,framework-packages
packages/frameworks/workflow-mgt/locales/**,packages/frameworks,Framework SoT,Workflow framework locale/message bundles,Optimal,~74 locale files; homogeneous i18n tree,Low,Consistent,keep,framework-packages
packages/frameworks/workflow-mgt/skills/**,packages/frameworks,Framework SoT,"Portable ADK skill packs for adopters (RW, UKW, intake, IPW)",Optimal,skills/README.md; FR-110 vendor bundle,Medium,Consistent,keep,framework-packages
packages/frameworks/workflow-mgt/workflows/**,packages/frameworks,Framework SoT,YAML workflow definitions + per-workflow READMEs,Optimal,workflow-registry.yaml authoritative,High,Consistent,keep,framework-packages
packages/frameworks/workflow-mgt/KB/**,packages/frameworks,Framework SoT,"Workflow methodology KB (vwmp execution guides, ADRs)",Optimal,Separate from registry rows per README,High,Consistent,keep,framework-packages
packages/frameworks/workflow-mgt/docs/**,packages/frameworks,Framework SoT,"Framework-local maintainer docs (dual-source parity, RW contracts)",Optimal,cursorrules-rw-trigger-section parity docs,Medium,Consistent,keep,framework-packages
packages/frameworks/workflow-mgt/config/**,packages/frameworks,Framework SoT,"Install profiles, error codes, rw-config schema docs",Optimal,install-rc-checklist.yaml; consumer rw-config,Medium,Consistent,keep,framework-packages
packages/frameworks/workflow-mgt/scripts/validation/test_*.py,packages/frameworks,Operational,Pytest suite for RW/UKW validation scripts,Optimal,run_workflow_scripts_ci_pytest.sh; FR-112 parity,Medium,Consistent,keep,framework-packages
packages/frameworks/workflow-mgt/scripts/version/test_*.py,packages/frameworks,Operational,Pytest suite for version/tag scripts,Optimal,workflow scripts CI pytest harness,Medium,Consistent,keep,framework-packages
packages/frameworks/workflow-mgt/scripts/test_*.py,packages/frameworks,Operational,Top-level workflow script integration tests,Optimal,tests/rw_scenarios cross-ref,Medium,Consistent,keep,framework-packages
packages/frameworks/workflow-mgt/scripts/kanban/**,packages/frameworks,Framework SoT,"Kanban helper scripts (stamps, archive, board transforms)",Optimal,UKW/RW Step 7; stamp_authority.py,High,Consistent,keep,framework-packages
packages/frameworks/workflow-mgt/scripts/changelog/**,packages/frameworks,Framework SoT,CMW/changelog analysis helpers,Optimal,CMW workflow; check_changelog_size.py sibling,Medium,Consistent,keep,framework-packages
packages/frameworks/workflow-mgt/scripts/icw/**,packages/frameworks,Framework SoT,Implementation cycle workflow env/helpers,Optimal,IPW/IDW mode gates (FR-128),Medium,Consistent,keep,framework-packages
packages/frameworks/workflow-mgt/cursorrules-*.md,packages/frameworks,Framework SoT,Portable .cursorrules trigger excerpts for adopters,Optimal,dual-source parity with repo .cursorrules,High,Consistent,keep,framework-packages
packages/frameworks/workflow-mgt/canonical-rw-steps.yaml,packages/frameworks,Framework SoT,Machine-readable RW step contract,Optimal,release-workflow-agent-execution.md,High,Consistent,keep,framework-packages
packages/frameworks/workflow-mgt/AGENTS.md,packages/frameworks,Framework SoT,Workflow framework agent role snippets,Optimal,ADR-012 domain routing defers to package agents,Medium,Consistent,keep,framework-packages
packages/frameworks/kanban/templates/**,packages/frameworks,Framework SoT,Kanban epic/story/task/board templates (~1172 files),Optimal,kanban README; installer scaffolds host docs/kanban,Medium,Consistent,keep,framework-packages
packages/frameworks/kanban/locales/**,packages/frameworks,Framework SoT,Kanban locale bundles,Optimal,~134 locale files,Low,Consistent,keep,framework-packages
packages/frameworks/kanban/KB/**,packages/frameworks,Framework SoT,Kanban methodology and developer docs,Optimal,KMA execution guide housing,Medium,Consistent,keep,framework-packages
packages/frameworks/kanban/policies/**,packages/frameworks,Framework SoT,Kanban governance policies (portable),Optimal,validate_kanban_governance_policy.py,High,Consistent,keep,framework-packages
packages/frameworks/kanban/scripts/**,packages/frameworks,Framework SoT,Kanban install/validation scripts,Optimal,install_kanban_framework.py,High,Consistent,keep,framework-packages
packages/frameworks/kanban/guides/**,packages/frameworks,Framework SoT,Adopter migration and intake guides,Optimal,FR_BR_INTAKE_GUIDE.md; KMA guide,Medium,Consistent,keep,framework-packages
packages/frameworks/numbering-versioning/integration/**,packages/frameworks,Framework SoT,Cross-framework integration examples,Optimal,workflow/kanban integration md,Low,Consistent,keep,framework-packages
packages/frameworks/numbering-versioning/*.md,packages/frameworks,Framework SoT,"Root policy docs (versioning-policy, strategy, cookbook excerpts)",Optimal,governance standards cross-link,Medium,Consistent,keep,framework-packages
packages/frameworks/doc-lifecycle/policies/**,packages/frameworks,Framework SoT,Lifecycle policy YAML/MD,Optimal,doc-lifecycle README,Medium,Consistent,keep,framework-packages
packages/frameworks/doc-lifecycle/templates/**,packages/frameworks,Framework SoT,Lifecycle document templates,Optimal,housekeeping templates,Low,Consistent,keep,framework-packages
packages/frameworks/doc-lifecycle/tests/**,packages/frameworks,Operational,Doc-lifecycle package tests,Optimal,package-local pytest,Low,Consistent,keep,framework-packages
packages/frameworks/debug-path/templates/**,packages/frameworks,Framework SoT,DRW/DPF templates,Optimal,debug-path README,Low,Consistent,keep,framework-packages
packages/frameworks/debug-path/integration/**,packages/frameworks,Framework SoT,Debug path integration examples,Optimal,optional consumer wiring,Low,Consistent,keep,framework-packages
packages/frameworks/tooling-automation/validators/**,packages/frameworks,Framework SoT,CQG SARIF validators and framework checks,Optimal,validate_code_quality_gate.py bridge,Medium,Consistent,keep,framework-packages
packages/frameworks/tooling-automation/generators/**,packages/frameworks,Framework SoT,Kanban/workflow template generators,Optimal,generators/README.md,Low,Consistent,keep,framework-packages
packages/frameworks/tooling-automation/docs/**,packages/frameworks,Framework SoT,CQG operator documentation,Optimal,code-quality-gate-operator-guide.md,Low,Consistent,keep,framework-packages
packages/frameworks/**/__pycache__/**,packages/frameworks,Generated/vendor,Python bytecode caches (local only),Archive/remove,Only in canonical tree during dev; excluded from greenfield sync,Low,Tension,remove (gitignore hygiene; not shipped),framework-packages
scripts/README.md,scripts,Dev-kit specialisation,scripts/ directory index; boundary vs packages/frameworks canonical scripts,Optimal,scripts/README.md; REPOSITORY-DIRECTORY-AUDIT.md scripts row,Medium,Tension,keep,scripts-src
scripts/apply_notion_stubs.py,scripts,Legacy/transitional,Notion/KB migration utility (apply_notion_stubs.py) superseded by git maintainer KB,Suboptimal,ADR-026; REPOSITORY-DIRECTORY-AUDIT.md scripts/notion_push_payloads row,Medium,Tension,archive,scripts-src
scripts/bulk_record_notion_import.py,scripts,Legacy/transitional,Notion/KB migration utility (bulk_record_notion_import.py) superseded by git maintainer KB,Suboptimal,ADR-026; REPOSITORY-DIRECTORY-AUDIT.md scripts/notion_push_payloads row,Low,Tension,archive,scripts-src
scripts/cleanup/execute_kanban_naming_cleanup.py,scripts/cleanup,Dev-kit specialisation,Kanban naming/path cleanup utility (execute_kanban_naming_cleanup.py),Acceptable,scripts/cleanup/ T13 NEEDS_REVIEW per script,Low,Consistent,consolidate,scripts-src
scripts/cleanup/generate_kanban_naming_inventory.py,scripts/cleanup,Dev-kit specialisation,Kanban naming/path cleanup utility (generate_kanban_naming_inventory.py),Acceptable,scripts/cleanup/ T13 NEEDS_REVIEW per script,Medium,Consistent,consolidate,scripts-src
scripts/cleanup/output/kanban_naming_inventory.json,scripts/cleanup/output,Generated/vendor,Kanban naming cleanup generated inventory artifact (kanban_naming_inventory.json),Acceptable,scripts/cleanup/ one-off wave; T13 consolidate,Low,Consistent,archive,scripts-src
scripts/cleanup/output/kanban_naming_inventory.md,scripts/cleanup/output,Generated/vendor,Kanban naming cleanup generated inventory artifact (kanban_naming_inventory.md),Acceptable,scripts/cleanup/ one-off wave; T13 consolidate,Low,Consistent,archive,scripts-src
scripts/cleanup/story_reconciliation_decisions.md,scripts/cleanup,Dev-kit specialisation,Kanban naming/path cleanup utility (story_reconciliation_decisions.md),Acceptable,scripts/cleanup/ T13 NEEDS_REVIEW per script,Low,Consistent,consolidate,scripts-src
scripts/cleanup/update_kanban_links.py,scripts/cleanup,Dev-kit specialisation,Kanban naming/path cleanup utility (update_kanban_links.py),Acceptable,scripts/cleanup/ T13 NEEDS_REVIEW per script,Low,Consistent,consolidate,scripts-src
scripts/documentation/documentation-health-dashboard.py,scripts/documentation,Dev-kit specialisation,Documentation maintainer automation: documentation health dashboard,Optimal,scripts/documentation/; maintainer doc hygiene,Medium,Consistent,keep,scripts-src
scripts/documentation/documentation-review-workflow.py,scripts/documentation,Dev-kit specialisation,Documentation maintainer automation: documentation review workflow,Optimal,scripts/documentation/; maintainer doc hygiene,Medium,Consistent,keep,scripts-src
scripts/documentation/validate-documentation-consistency.py,scripts/documentation,Dev-kit specialisation,Doc corpus consistency validator (maintainer docs hygiene),Optimal,scripts/documentation/; documentation-governance strategy,High,Tension,keep,scripts-src
scripts/documentation/validate-documentation-links.py,scripts/documentation,Dev-kit specialisation,Internal doc link checker (pre-portal/adopter link hygiene),Optimal,BR-068; adopter-public-documentation-authoring.md,Medium,Tension,keep,scripts-src
scripts/escape_mdx_placeholders.py,scripts,Dev-kit specialisation,MDX placeholder escape for Docusaurus corpus,Acceptable,BR-068; portal build hygiene,Medium,Consistent,keep,scripts-src
scripts/fix_md_external_links_br068.py,scripts,Dev-kit specialisation,BR-068 monorepo markdown external link repair utility,Acceptable,BR-068; portal pytest,Low,Consistent,keep,scripts-src
scripts/fr099_bootstrap_public_ai_dev_kit.sh,scripts,Dev-kit specialisation,FR-099 public repo bootstrap shell entrypoint,Optimal,docs/maintenance/fr099-phase3-public-repo-bootstrap.md,Medium,Consistent,keep,scripts-src
scripts/fr099_install_smoke_test.sh,scripts,Dev-kit specialisation,FR-099 greenfield install smoke test wrapper,Optimal,FR-099; test_greenfield_container.py,Medium,Consistent,keep,scripts-src
scripts/fr099_sync_public_from_private.sh,scripts,Dev-kit specialisation,FR-099 private→public content sync driver,Optimal,FR-099 book migration program,Medium,Consistent,keep,scripts-src
scripts/frameworks/__init__.py,scripts/frameworks,Dev-kit specialisation,Package init for scripts/frameworks tree,Acceptable,T13 vs packages/frameworks boundary tension,Low,Tension,keep,scripts-src
scripts/frameworks/collectors/__init__.py,scripts/frameworks/collectors,Dev-kit specialisation,Package init for scripts/frameworks collectors,Acceptable,T13 vs packages/frameworks boundary tension,Low,Tension,keep,scripts-src
scripts/frameworks/collectors/compatibility_status.py,scripts/frameworks/collectors,Dev-kit specialisation,Framework health metric collector (compatibility_status.py),Acceptable,T13 vs packages/frameworks boundary tension,Low,Tension,keep,scripts-src
scripts/frameworks/collectors/dependency_health.py,scripts/frameworks/collectors,Dev-kit specialisation,Framework health metric collector (dependency_health.py),Acceptable,T13 vs packages/frameworks boundary tension,Low,Tension,keep,scripts-src
scripts/frameworks/collectors/documentation_quality.py,scripts/frameworks/collectors,Dev-kit specialisation,Framework health metric collector (documentation_quality.py),Acceptable,T13 vs packages/frameworks boundary tension,Low,Tension,keep,scripts-src
scripts/frameworks/collectors/maintenance_activity.py,scripts/frameworks/collectors,Dev-kit specialisation,Framework health metric collector (maintenance_activity.py),Acceptable,T13 vs packages/frameworks boundary tension,Low,Tension,keep,scripts-src
scripts/frameworks/collectors/stability_reliability.py,scripts/frameworks/collectors,Dev-kit specialisation,Framework health metric collector (stability_reliability.py),Acceptable,T13 vs packages/frameworks boundary tension,Low,Tension,keep,scripts-src
scripts/frameworks/collectors/usage_adoption.py,scripts/frameworks/collectors,Dev-kit specialisation,Framework health metric collector (usage_adoption.py),Acceptable,T13 vs packages/frameworks boundary tension,Low,Tension,keep,scripts-src
scripts/frameworks/framework-health-monitor.py,scripts/frameworks,Dev-kit specialisation,Framework package health dashboard orchestrator (book-repo era),Acceptable,vs packages/frameworks — clarify boundary per T13,Medium,Tension,keep,scripts-src
scripts/frameworks/generate-dashboard.py,scripts/frameworks,Dev-kit specialisation,Generate framework health dashboard HTML/JSON,Acceptable,T13 vs packages/frameworks boundary tension,Medium,Tension,keep,scripts-src
scripts/frameworks/utils.py,scripts/frameworks,Dev-kit specialisation,Shared helpers for scripts/frameworks collectors and dashboards,Acceptable,scripts/frameworks/; not framework package SoT,High,Tension,keep,scripts-src
scripts/git-hooks/pre-commit,scripts/git-hooks,Operational,Local pre-commit hook delegating to validate_board_stamps_precommit.py,Optimal,FR-097; packages/frameworks/workflow-mgt/scripts/validation/,High,Consistent,keep,scripts-src
scripts/greenfield-install-manifest.yaml,scripts,Operational,Copy manifest for sync_greenfield_install.py (include/exclude rules),Optimal,sync_greenfield_install.py; FR-110,High,Consistent,keep,scripts-src
scripts/internal/README.md,scripts/internal,Dev-kit specialisation,Internal scripts scope boundary (non-adopter utilities),Optimal,scripts/README.md; ADR-026 internal tooling,Low,Consistent,keep,scripts-src
scripts/internal/remediate_reliability_wave1.py,scripts/internal,Dev-kit specialisation,One-off BR-100 wave-1 reliability remediation batch,Acceptable,E08:S03:T13; point-in-time maintainer script,Low,Consistent,consolidate,scripts-src
scripts/internal/scan_tasks_for_moscow.py,scripts/internal,Dev-kit specialisation,UKW helper: scan task docs for MoSCOW coverage gaps,Optimal,scripts/internal/README.md; UKW BR-059,Medium,Consistent,keep,scripts-src
scripts/internal/validate_cli.py,scripts/internal,Dev-kit specialisation,ai-dev-kit CLI validation harness (E06:S08),Optimal,scripts/internal/README.md; packages/cli,Medium,Consistent,keep,scripts-src
scripts/invoke_kb_migration_mcp.py,scripts,Legacy/transitional,Notion/KB migration utility (invoke_kb_migration_mcp.py) superseded by git maintainer KB,Suboptimal,ADR-026; REPOSITORY-DIRECTORY-AUDIT.md scripts/notion_push_payloads row,Low,Tension,archive,scripts-src
scripts/kb_index.py,scripts,Legacy/transitional,Maintainer KB Notion index builder (pre-ADR-026 git SoT),Suboptimal,ADR-026 git SoT; docs/knowledge/ target,Medium,Tension,archive,scripts-src
scripts/kb_mcp_push_remaining.py,scripts,Legacy/transitional,Notion/KB migration utility (kb_mcp_push_remaining.py) superseded by git maintainer KB,Suboptimal,ADR-026; REPOSITORY-DIRECTORY-AUDIT.md scripts/notion_push_payloads row,Low,Tension,archive,scripts-src
scripts/kb_migrate_full_content.py,scripts,Legacy/transitional,Notion/KB migration utility (kb_migrate_full_content.py) superseded by git maintainer KB,Suboptimal,ADR-026; REPOSITORY-DIRECTORY-AUDIT.md scripts/notion_push_payloads row,Low,Tension,archive,scripts-src
scripts/kb_migrate_push_all.py,scripts,Legacy/transitional,Notion/KB migration utility (kb_migrate_push_all.py) superseded by git maintainer KB,Suboptimal,ADR-026; REPOSITORY-DIRECTORY-AUDIT.md scripts/notion_push_payloads row,Low,Tension,archive,scripts-src
scripts/kb_migrate_push_stubs.py,scripts,Legacy/transitional,Notion/KB migration utility (kb_migrate_push_stubs.py) superseded by git maintainer KB,Suboptimal,ADR-026; REPOSITORY-DIRECTORY-AUDIT.md scripts/notion_push_payloads row,Low,Tension,archive,scripts-src
scripts/kb_push_to_notion.py,scripts,Legacy/transitional,Notion/KB migration utility (kb_push_to_notion.py) superseded by git maintainer KB,Suboptimal,ADR-026; REPOSITORY-DIRECTORY-AUDIT.md scripts/notion_push_payloads row,Medium,Tension,archive,scripts-src
scripts/kb_push_via_mcp.py,scripts,Legacy/transitional,Notion/KB migration utility (kb_push_via_mcp.py) superseded by git maintainer KB,Suboptimal,ADR-026; REPOSITORY-DIRECTORY-AUDIT.md scripts/notion_push_payloads row,Low,Tension,archive,scripts-src
scripts/kb_stub_sweep.py,scripts,Legacy/transitional,Notion KB stub detection/sweep during migration,Suboptimal,ADR-026; kb_* migration cluster,High,Tension,archive,scripts-src
scripts/merge_changelogs.py,scripts,Legacy/transitional,One-off epic/main changelog merge utility (pre-CMW consolidation),Suboptimal,Historical branch merge; CMW SoT in packages/frameworks/workflow-mgt/scripts/changelog/,Low,Tension,archive,scripts-src
scripts/notion_import_fr114_batch.py,scripts,Legacy/transitional,FR-114 Notion import batch driver,Suboptimal,FR-114 split surfaces; ADR-026,Low,Consistent,archive,scripts-src
scripts/notion_migration_manifest.py,scripts,Legacy/transitional,Notion migration batch manifest (FR-114/FR-121 program),Suboptimal,ADR-026 git SoT; Notion optional archive,Medium,Consistent,archive,scripts-src
scripts/notion_push_payloads/INVOKE_README.md,scripts/notion_push_payloads,Legacy/transitional,Operator notes for Notion MCP push payload batch,Suboptimal,ADR-026; scripts/notion_push_payloads/ T13 archive wave,Low,Consistent,archive,scripts-src
scripts/notion_push_payloads/page_00_30db6f89.json,scripts/notion_push_payloads,Legacy/transitional,Frozen Notion page push payload snapshot (page_00_30db6f89.json),Suboptimal,ADR-026 git SoT; T13 archive wave for notion_push_payloads/,Low,Consistent,archive,scripts-src
scripts/notion_push_payloads/page_01_30db6f89.json,scripts/notion_push_payloads,Legacy/transitional,Frozen Notion page push payload snapshot (page_01_30db6f89.json),Suboptimal,ADR-026 git SoT; T13 archive wave for notion_push_payloads/,Low,Consistent,archive,scripts-src
scripts/notion_push_payloads/page_02_30db6f89.json,scripts/notion_push_payloads,Legacy/transitional,Frozen Notion page push payload snapshot (page_02_30db6f89.json),Suboptimal,ADR-026 git SoT; T13 archive wave for notion_push_payloads/,Low,Consistent,archive,scripts-src
scripts/notion_push_payloads/page_03_30db6f89.json,scripts/notion_push_payloads,Legacy/transitional,Frozen Notion page push payload snapshot (page_03_30db6f89.json),Suboptimal,ADR-026 git SoT; T13 archive wave for notion_push_payloads/,Low,Consistent,archive,scripts-src
scripts/notion_push_payloads/page_04_30db6f89.json,scripts/notion_push_payloads,Legacy/transitional,Frozen Notion page push payload snapshot (page_04_30db6f89.json),Suboptimal,ADR-026 git SoT; T13 archive wave for notion_push_payloads/,Low,Consistent,archive,scripts-src
scripts/notion_push_payloads/page_05_30db6f89.json,scripts/notion_push_payloads,Legacy/transitional,Frozen Notion page push payload snapshot (page_05_30db6f89.json),Suboptimal,ADR-026 git SoT; T13 archive wave for notion_push_payloads/,Low,Consistent,archive,scripts-src
scripts/notion_push_payloads/page_06_30db6f89.json,scripts/notion_push_payloads,Legacy/transitional,Frozen Notion page push payload snapshot (page_06_30db6f89.json),Suboptimal,ADR-026 git SoT; T13 archive wave for notion_push_payloads/,Low,Consistent,archive,scripts-src
scripts/notion_push_payloads/page_07_30db6f89.json,scripts/notion_push_payloads,Legacy/transitional,Frozen Notion page push payload snapshot (page_07_30db6f89.json),Suboptimal,ADR-026 git SoT; T13 archive wave for notion_push_payloads/,Low,Consistent,archive,scripts-src
scripts/notion_push_payloads/page_08_30db6f89.json,scripts/notion_push_payloads,Legacy/transitional,Frozen Notion page push payload snapshot (page_08_30db6f89.json),Suboptimal,ADR-026 git SoT; T13 archive wave for notion_push_payloads/,Low,Consistent,archive,scripts-src
scripts/notion_push_payloads/page_09_30db6f89.json,scripts/notion_push_payloads,Legacy/transitional,Frozen Notion page push payload snapshot (page_09_30db6f89.json),Suboptimal,ADR-026 git SoT; T13 archive wave for notion_push_payloads/,Low,Consistent,archive,scripts-src
scripts/push_313_pages.py,scripts,Legacy/transitional,Notion/KB migration utility (push_313_pages.py) superseded by git maintainer KB,Suboptimal,ADR-026; REPOSITORY-DIRECTORY-AUDIT.md scripts/notion_push_payloads row,Low,Tension,archive,scripts-src
scripts/push_313_remaining.py,scripts,Legacy/transitional,Notion/KB migration utility (push_313_remaining.py) superseded by git maintainer KB,Suboptimal,ADR-026; REPOSITORY-DIRECTORY-AUDIT.md scripts/notion_push_payloads row,Low,Tension,archive,scripts-src
scripts/push_all_kb_migration_mcp.py,scripts,Legacy/transitional,Notion/KB migration utility (push_all_kb_migration_mcp.py) superseded by git maintainer KB,Suboptimal,ADR-026; REPOSITORY-DIRECTORY-AUDIT.md scripts/notion_push_payloads row,Low,Tension,archive,scripts-src
scripts/push_kb_migration_batch.py,scripts,Legacy/transitional,Notion/KB migration utility (push_kb_migration_batch.py) superseded by git maintainer KB,Suboptimal,ADR-026; REPOSITORY-DIRECTORY-AUDIT.md scripts/notion_push_payloads row,Low,Tension,archive,scripts-src
scripts/push_notion_large_pages.py,scripts,Legacy/transitional,Notion/KB migration utility (push_notion_large_pages.py) superseded by git maintainer KB,Suboptimal,ADR-026; REPOSITORY-DIRECTORY-AUDIT.md scripts/notion_push_payloads row,Medium,Tension,archive,scripts-src
scripts/push_notion_stubs.py,scripts,Legacy/transitional,Notion/KB migration utility (push_notion_stubs.py) superseded by git maintainer KB,Suboptimal,ADR-026; REPOSITORY-DIRECTORY-AUDIT.md scripts/notion_push_payloads row,Low,Tension,archive,scripts-src
scripts/record_notion_import_results.py,scripts,Legacy/transitional,Notion/KB migration utility (record_notion_import_results.py) superseded by git maintainer KB,Suboptimal,ADR-026; REPOSITORY-DIRECTORY-AUDIT.md scripts/notion_push_payloads row,Low,Tension,archive,scripts-src
scripts/reverse_notion_migration_fr121.py,scripts,Legacy/transitional,FR-121 reverse Notion→git migration helper (ADR-026 git SoT),Acceptable,ADR-026; FR-121; transitional until migration closed,Medium,Consistent,archive,scripts-src
scripts/run_cli_pytest_coverage.sh,scripts,Operational,CLI pytest+coverage runner for maintainer CI/local parity,Optimal,E06:S08 CLI; .github/workflows references,High,Consistent,keep,scripts-src
scripts/run_kb_migration_mcp.py,scripts,Legacy/transitional,Notion/KB migration utility (run_kb_migration_mcp.py) superseded by git maintainer KB,Suboptimal,ADR-026; REPOSITORY-DIRECTORY-AUDIT.md scripts/notion_push_payloads row,Low,Tension,archive,scripts-src
scripts/split_mcp_batch.py,scripts,Legacy/transitional,Notion/KB migration utility (split_mcp_batch.py) superseded by git maintainer KB,Suboptimal,ADR-026; REPOSITORY-DIRECTORY-AUDIT.md scripts/notion_push_payloads row,Low,Tension,archive,scripts-src
scripts/sync_greenfield_install.py,scripts,Dev-kit specialisation,FR-110 greenfield-install mirror sync from packages/frameworks (CI --check),Optimal,FR-110; greenfield-install-manifest.yaml; .github/workflows,High,Tension,keep,scripts-src
scripts/test_greenfield_container.py,scripts,Dev-kit specialisation,Containerized greenfield install smoke harness,Acceptable,fr099_install_smoke_test.sh; FR-099,Medium,Consistent,keep,scripts-src
scripts/test_sync_greenfield_install.py,scripts,Dev-kit specialisation,Pytest coverage for greenfield sync script invariants,Optimal,sync_greenfield_install.py; FR-110 CI parity,High,Consistent,keep,scripts-src
scripts/validate-project-agent-manifest-paths.py,scripts,Dev-kit specialisation,ADR-012 manifest path existence validator (loadFirst/sourcePath),Optimal,docs/project-agent-manifest.json; AGENTS.md,High,Consistent,keep,scripts-src
src/ai_dev_kit/__init__.py,src/ai_dev_kit,Dev-kit specialisation,Package entry exposing VERSION_STRING for CLI/import consumers,Optimal,src/ai_dev_kit/version.py,Medium,Consistent,keep,scripts-src
src/ai_dev_kit/version.py,src/ai_dev_kit,Dev-kit specialisation,Canonical RW version SoT (RC.EPIC.STORY.TASK+BUILD),Optimal,rw-config.yaml version_file; dev-kit-versioning-policy.md,High,Consistent,keep,scripts-src
docs/maintenance/BUILD_AND_UPLOAD.md,docs/maintenance,Dev-kit specialisation,Framework package build/upload maintainer runbook,Optimal,docs/maintenance/README.md; packages/frameworks build scripts,Medium,Consistent,keep,docs
docs/maintenance/BUILD_PACKAGES.md,docs/maintenance,Dev-kit specialisation,Framework package build/upload maintainer runbook,Optimal,docs/maintenance/README.md; packages/frameworks build scripts,Medium,Consistent,keep,docs
docs/maintenance/BUILD_PACKAGES_COMMANDS.md,docs/maintenance,Dev-kit specialisation,Framework package build/upload maintainer runbook,Optimal,docs/maintenance/README.md; packages/frameworks build scripts,Medium,Consistent,keep,docs
docs/maintenance/README.md,docs/maintenance,Dev-kit specialisation,Maintainer runbook index and audit report pointers,Optimal,docs/maintenance/README.md index table; ADR-026 maintainer KB,Medium,Consistent,keep,docs
docs/maintenance/REPOSITORY-DIRECTORY-AUDIT.md,docs/maintenance,Dev-kit specialisation,T13/UXR-033 directory valuation matrix and wave plan (scope authority for T14),Optimal,E07:S01:T13 deliverable; UXR-033; FR-140 cartography leg,High,Consistent,keep,docs
docs/maintenance/REPOSITORY-FILE-AUDIT.md,docs/maintenance,Dev-kit specialisation,T14/UXR-034 per-file valuation matrix scaffold (governor merge target),Optimal,E07:S01:T14 deliverable; IPP-E07S01T14,High,Consistent,keep,docs
docs/maintenance/UPLOAD_PACKAGES.md,docs/maintenance,Dev-kit specialisation,Framework package build/upload maintainer runbook,Optimal,docs/maintenance/README.md; packages/frameworks build scripts,Medium,Consistent,keep,docs
docs/maintenance/book-repo-docs-scope.md,docs/maintenance,Dev-kit specialisation,Scope boundary doc for book-repo vs framework docs split,Optimal,FR-099 book migration program,Low,Consistent,keep,docs
docs/maintenance/br087-framework-release-republish-checklist.md,docs/maintenance,Dev-kit specialisation,Framework release republish checklist (BR-087),Optimal,BR-087 FBU,Low,Consistent,keep,docs
docs/maintenance/changelog-directory-consolidation-manifest.md,docs/maintenance,Dev-kit specialisation,Changelog path consolidation manifest (historical mover evidence),Acceptable,changelog-and-release-notes consolidation wave,Low,Consistent,keep,docs
docs/maintenance/coordinate-remediation-uxr018-e05s09t12.md,docs/maintenance,Dev-kit specialisation,Coordinate remediation evidence for UXR-018/E05:S09:T12,Optimal,UXR-018; portal coordinate fixes,Low,Consistent,keep,docs
docs/maintenance/docusaurus-ci-dedup-verification-evidence-E05S09T14-wave2.md,docs/maintenance,Dev-kit specialisation,Docusaurus CI/corpus triage verification evidence,Optimal,BR-068/FR-067; E05:S09 program,Low,Consistent,keep,docs
docs/maintenance/docusaurus-corpus-triage-fr-067.md,docs/maintenance,Dev-kit specialisation,Docusaurus CI/corpus triage verification evidence,Optimal,BR-068/FR-067; E05:S09 program,Low,Consistent,keep,docs
docs/maintenance/fr099-phase3-public-repo-bootstrap.md,docs/maintenance,Dev-kit specialisation,FR-099 phase 3 public repo bootstrap verification notes,Optimal,IPP-E1S04; book private/public migration,Low,Consistent,keep,docs
docs/maintenance/fr099-phase4-rewire-and-verify.md,docs/maintenance,Dev-kit specialisation,FR-099 phase 4 rewire and verify checklist,Optimal,IPP-E1S04 follow-on,Low,Consistent,keep,docs
docs/maintenance/logs/mmw/MMW-2026-03-16.md,docs/maintenance/logs/mmw,Operational,Forensic evidence log for RW/UKW/MM W verification,Optimal,ADR-008 journals pattern; point-in-time audit evidence,Low,Consistent,keep,docs
docs/maintenance/logs/rw-stamp-evidence-v0.2.15.1+2.json,docs/maintenance/logs,Operational,Forensic evidence log for RW/UKW/MM W verification,Optimal,ADR-008 journals pattern; point-in-time audit evidence,Low,Consistent,keep,docs
docs/maintenance/logs/uxr-005-spacing-20260601.md,docs/maintenance/logs,Operational,Forensic evidence log for RW/UKW/MM W verification,Optimal,ADR-008 journals pattern; point-in-time audit evidence,Low,Consistent,keep,docs
docs/maintenance/release-checklist-templates.md,docs/maintenance,Dev-kit specialisation,Release automation template or integration guide,Optimal,release-runbook.md cross-links,Low,Consistent,keep,docs
docs/maintenance/release-configuration-examples.md,docs/maintenance,Dev-kit specialisation,Release automation template or integration guide,Optimal,release-runbook.md cross-links,Low,Consistent,keep,docs
docs/maintenance/release-integration-guides.md,docs/maintenance,Dev-kit specialisation,Release automation template or integration guide,Optimal,release-runbook.md cross-links,Low,Consistent,keep,docs
docs/maintenance/release-quick-reference.md,docs/maintenance,Dev-kit specialisation,Release automation template or integration guide,Optimal,release-runbook.md cross-links,Low,Consistent,keep,docs
docs/maintenance/release-runbook.md,docs/maintenance,Dev-kit specialisation,Comprehensive RW/release procedures for maintainers,Optimal,README index; workflow-mgt release docs cross-ref,Medium,Consistent,keep,docs
docs/maintenance/saa-operator-verification-e03s02t14.md,docs/maintenance,Dev-kit specialisation,SAA allocator operator verification runbook,Optimal,FR-122; validate_allocator_health.py,Medium,Consistent,keep,docs
docs/maintenance/semver-registry-collision-repair-2026-06-04.md,docs/maintenance,Dev-kit specialisation,Semver registry collision repair manifest or verification evidence,Optimal,FR-045/task_touch; E03:S02:T12 wave evidence,Low,Consistent,keep,docs
docs/maintenance/semver-registry-collision-repair-manifest-2026-06-05-e04-wave.yaml,docs/maintenance,Dev-kit specialisation,Semver registry collision repair manifest or verification evidence,Optimal,FR-045/task_touch; E03:S02:T12 wave evidence,Low,Consistent,keep,docs
docs/maintenance/semver-registry-collision-repair-manifest-2026-06-06-e08-e10-wave.yaml,docs/maintenance,Dev-kit specialisation,Semver registry collision repair manifest or verification evidence,Optimal,FR-045/task_touch; E03:S02:T12 wave evidence,Low,Consistent,keep,docs
docs/maintenance/semver-registry-collision-repair-manifest.yaml,docs/maintenance,Dev-kit specialisation,Semver registry collision repair manifest or verification evidence,Optimal,FR-045/task_touch; E03:S02:T12 wave evidence,Low,Consistent,keep,docs
docs/maintenance/semver-verification-evidence-E03S02T12-wave3.md,docs/maintenance,Dev-kit specialisation,Semver registry collision repair manifest or verification evidence,Optimal,FR-045/task_touch; E03:S02:T12 wave evidence,Low,Consistent,keep,docs
docs/maintenance/v-band-verification-scan-2026-06-05.md,docs/maintenance,Dev-kit specialisation,V-band kanban verification scan evidence,Optimal,ADR-018 V-band; UKW hygiene,Low,Consistent,keep,docs
docs/implementation-cycles/ARCHIVE-AGENT-001-E24S02T01-03-RESOLUTION.md,docs/implementation-cycles,Dev-kit specialisation,Implementation-cycle planning artifact (IPP/ICW durable output),Optimal,specification-and-planning-artifacts-policy.md,Medium,Consistent,keep,docs
docs/implementation-cycles/DOC-AGENT-001-E24S01T01-04-RESOLUTION.md,docs/implementation-cycles,Dev-kit specialisation,Agent coordination setup doc for ICW/PM workflows,Optimal,ICW agent bootstrap notes,Low,Consistent,keep,docs
docs/implementation-cycles/DOC-AGENT-001-E5S03T01-03-RESOLUTION.md,docs/implementation-cycles,Dev-kit specialisation,Agent coordination setup doc for ICW/PM workflows,Optimal,ICW agent bootstrap notes,Low,Consistent,keep,docs
docs/implementation-cycles/E10S01-orchestration-plan.md,docs/implementation-cycles,Dev-kit specialisation,Implementation-cycle planning artifact (IPP/ICW durable output),Optimal,specification-and-planning-artifacts-policy.md,High,Consistent,keep,docs
docs/implementation-cycles/E4S19T03-e6s07-default-housing-investigation-report.md,docs/implementation-cycles,Dev-kit specialisation,Implementation-cycle planning artifact (IPP/ICW durable output),Optimal,specification-and-planning-artifacts-policy.md,High,Consistent,keep,docs
docs/implementation-cycles/E6S07T104-release-automation-audit-report.md,docs/implementation-cycles,Dev-kit specialisation,Implementation-cycle planning artifact (IPP/ICW durable output),Optimal,specification-and-planning-artifacts-policy.md,Medium,Consistent,keep,docs
docs/implementation-cycles/E6S07T104-remediation-implementation.md,docs/implementation-cycles,Dev-kit specialisation,Implementation-cycle planning artifact (IPP/ICW durable output),Optimal,specification-and-planning-artifacts-policy.md,Medium,Consistent,keep,docs
docs/implementation-cycles/HANDOVER-2026-04-25-ukw-rw-e2s16t04.md,docs/implementation-cycles,Dev-kit specialisation,Implementation-cycle planning artifact (IPP/ICW durable output),Optimal,specification-and-planning-artifacts-policy.md,Medium,Consistent,keep,docs
docs/implementation-cycles/ICW-20260309-171302-implementation-plan.md,docs/implementation-cycles,Dev-kit specialisation,ICW trio implementation plan (legacy or parallel to IPP where not consolidated),Optimal,dev-kit-ipw-ipp-vs-icw-artifacts.md matrix,Low,Consistent,keep,docs
docs/implementation-cycles/ICW-20260309-171302-package-summary.md,docs/implementation-cycles,Dev-kit specialisation,ICW trio ICW planning artifact (legacy or parallel to IPP where not consolidated),Optimal,dev-kit-ipw-ipp-vs-icw-artifacts.md matrix,Low,Consistent,keep,docs
docs/implementation-cycles/ICW-20260309-171302-specification.md,docs/implementation-cycles,Dev-kit specialisation,ICW trio specification (legacy or parallel to IPP where not consolidated),Optimal,dev-kit-ipw-ipp-vs-icw-artifacts.md matrix,Low,Consistent,keep,docs
docs/implementation-cycles/ICW-20260309-171302-state.json,docs/implementation-cycles,Operational,ICW trio ICW session state snapshot (legacy or parallel to IPP where not consolidated),Optimal,dev-kit-ipw-ipp-vs-icw-artifacts.md matrix,Low,Consistent,keep,docs
docs/implementation-cycles/ICW-20260309-171302-test-design.md,docs/implementation-cycles,Dev-kit specialisation,ICW trio test design (legacy or parallel to IPP where not consolidated),Optimal,dev-kit-ipw-ipp-vs-icw-artifacts.md matrix,Low,Consistent,keep,docs
docs/implementation-cycles/ICW-20260309-172358-state.json,docs/implementation-cycles,Operational,ICW trio ICW session state snapshot (legacy or parallel to IPP where not consolidated),Optimal,dev-kit-ipw-ipp-vs-icw-artifacts.md matrix,Low,Consistent,keep,docs
docs/implementation-cycles/ICW-20260309-173057-state.json,docs/implementation-cycles,Operational,ICW trio ICW session state snapshot (legacy or parallel to IPP where not consolidated),Optimal,dev-kit-ipw-ipp-vs-icw-artifacts.md matrix,Low,Consistent,keep,docs
docs/implementation-cycles/ICW-AGENT-001-E5S01T31-RESOLUTION.md,docs/implementation-cycles,Dev-kit specialisation,ICW trio ICW planning artifact (legacy or parallel to IPP where not consolidated),Optimal,dev-kit-ipw-ipp-vs-icw-artifacts.md matrix,Low,Consistent,keep,docs
docs/implementation-cycles/ICW-AGENT-001-E8S03T01-03-RESOLUTION.md,docs/implementation-cycles,Dev-kit specialisation,ICW trio ICW planning artifact (legacy or parallel to IPP where not consolidated),Optimal,dev-kit-ipw-ipp-vs-icw-artifacts.md matrix,Low,Consistent,keep,docs
docs/implementation-cycles/ICW-ALL-TASKS-test-design.md,docs/implementation-cycles,Dev-kit specialisation,ICW trio test design (legacy or parallel to IPP where not consolidated),Optimal,dev-kit-ipw-ipp-vs-icw-artifacts.md matrix,Low,Consistent,keep,docs
docs/implementation-cycles/ICW-COULD-HAVE-EXECUTION-SUMMARY.md,docs/implementation-cycles,Dev-kit specialisation,ICW trio ICW planning artifact (legacy or parallel to IPP where not consolidated),Optimal,dev-kit-ipw-ipp-vs-icw-artifacts.md matrix,Low,Consistent,keep,docs
docs/implementation-cycles/ICW-COULD-HAVE-SETUP.md,docs/implementation-cycles,Dev-kit specialisation,ICW trio ICW planning artifact (legacy or parallel to IPP where not consolidated),Optimal,dev-kit-ipw-ipp-vs-icw-artifacts.md matrix,Low,Consistent,keep,docs
docs/implementation-cycles/ICW-E10S01T01-specification.md,docs/implementation-cycles,Dev-kit specialisation,ICW trio specification (legacy or parallel to IPP where not consolidated),Optimal,dev-kit-ipw-ipp-vs-icw-artifacts.md matrix,Low,Consistent,keep,docs
docs/implementation-cycles/ICW-E11S01T01-specification.md,docs/implementation-cycles,Dev-kit specialisation,ICW trio specification (legacy or parallel to IPP where not consolidated),Optimal,dev-kit-ipw-ipp-vs-icw-artifacts.md matrix,Low,Consistent,keep,docs
docs/implementation-cycles/ICW-E1S06T01-specification.md,docs/implementation-cycles,Dev-kit specialisation,ICW trio specification (legacy or parallel to IPP where not consolidated),Optimal,dev-kit-ipw-ipp-vs-icw-artifacts.md matrix,Low,Consistent,keep,docs
docs/implementation-cycles/ICW-E2S01T12-implementation-plan.md,docs/implementation-cycles,Dev-kit specialisation,ICW trio implementation plan (legacy or parallel to IPP where not consolidated),Optimal,dev-kit-ipw-ipp-vs-icw-artifacts.md matrix,Low,Consistent,keep,docs
docs/implementation-cycles/ICW-E2S01T12-specification.md,docs/implementation-cycles,Dev-kit specialisation,ICW trio specification (legacy or parallel to IPP where not consolidated),Optimal,dev-kit-ipw-ipp-vs-icw-artifacts.md matrix,Low,Consistent,keep,docs
docs/implementation-cycles/ICW-E2S01T12-test-design.md,docs/implementation-cycles,Dev-kit specialisation,ICW trio test design (legacy or parallel to IPP where not consolidated),Optimal,dev-kit-ipw-ipp-vs-icw-artifacts.md matrix,Low,Consistent,keep,docs
docs/implementation-cycles/ICW-E2S01T14-implementation-plan.md,docs/implementation-cycles,Dev-kit specialisation,ICW trio implementation plan (legacy or parallel to IPP where not consolidated),Optimal,dev-kit-ipw-ipp-vs-icw-artifacts.md matrix,Low,Consistent,keep,docs
docs/implementation-cycles/ICW-E2S01T14-specification.md,docs/implementation-cycles,Dev-kit specialisation,ICW trio specification (legacy or parallel to IPP where not consolidated),Optimal,dev-kit-ipw-ipp-vs-icw-artifacts.md matrix,Low,Consistent,keep,docs
docs/implementation-cycles/ICW-E2S01T14-test-design.md,docs/implementation-cycles,Dev-kit specialisation,ICW trio test design (legacy or parallel to IPP where not consolidated),Optimal,dev-kit-ipw-ipp-vs-icw-artifacts.md matrix,Low,Consistent,keep,docs
docs/implementation-cycles/ICW-E2S01T15-implementation-plan.md,docs/implementation-cycles,Dev-kit specialisation,ICW trio implementation plan (legacy or parallel to IPP where not consolidated),Optimal,dev-kit-ipw-ipp-vs-icw-artifacts.md matrix,Low,Consistent,keep,docs
docs/implementation-cycles/ICW-E2S01T15-specification.md,docs/implementation-cycles,Dev-kit specialisation,ICW trio specification (legacy or parallel to IPP where not consolidated),Optimal,dev-kit-ipw-ipp-vs-icw-artifacts.md matrix,Low,Consistent,keep,docs
docs/implementation-cycles/ICW-E2S01T15-test-design.md,docs/implementation-cycles,Dev-kit specialisation,ICW trio test design (legacy or parallel to IPP where not consolidated),Optimal,dev-kit-ipw-ipp-vs-icw-artifacts.md matrix,Low,Consistent,keep,docs
docs/implementation-cycles/ICW-E2S01T17-implementation-plan.md,docs/implementation-cycles,Dev-kit specialisation,ICW trio implementation plan (legacy or parallel to IPP where not consolidated),Optimal,dev-kit-ipw-ipp-vs-icw-artifacts.md matrix,Low,Consistent,keep,docs
docs/implementation-cycles/ICW-E2S01T17-specification.md,docs/implementation-cycles,Dev-kit specialisation,ICW trio specification (legacy or parallel to IPP where not consolidated),Optimal,dev-kit-ipw-ipp-vs-icw-artifacts.md matrix,Low,Consistent,keep,docs
docs/implementation-cycles/ICW-E2S01T17-test-design.md,docs/implementation-cycles,Dev-kit specialisation,ICW trio test design (legacy or parallel to IPP where not consolidated),Optimal,dev-kit-ipw-ipp-vs-icw-artifacts.md matrix,Low,Consistent,keep,docs
docs/implementation-cycles/ICW-E2S15T01-implementation-plan.md,docs/implementation-cycles,Dev-kit specialisation,ICW trio implementation plan (legacy or parallel to IPP where not consolidated),Optimal,dev-kit-ipw-ipp-vs-icw-artifacts.md matrix,Low,Consistent,keep,docs
docs/implementation-cycles/ICW-E2S15T01-specification.md,docs/implementation-cycles,Dev-kit specialisation,ICW trio specification (legacy or parallel to IPP where not consolidated),Optimal,dev-kit-ipw-ipp-vs-icw-artifacts.md matrix,Low,Consistent,keep,docs
docs/implementation-cycles/ICW-E2S15T01-test-design.md,docs/implementation-cycles,Dev-kit specialisation,ICW trio test design (legacy or parallel to IPP where not consolidated),Optimal,dev-kit-ipw-ipp-vs-icw-artifacts.md matrix,Low,Consistent,keep,docs
docs/implementation-cycles/ICW-E2S15T05-implementation-plan.md,docs/implementation-cycles,Dev-kit specialisation,ICW trio implementation plan (legacy or parallel to IPP where not consolidated),Optimal,dev-kit-ipw-ipp-vs-icw-artifacts.md matrix,Low,Consistent,keep,docs
docs/implementation-cycles/ICW-E2S15T05-specification.md,docs/implementation-cycles,Dev-kit specialisation,ICW trio specification (legacy or parallel to IPP where not consolidated),Optimal,dev-kit-ipw-ipp-vs-icw-artifacts.md matrix,Low,Consistent,keep,docs
docs/implementation-cycles/ICW-E2S15T05-test-design.md,docs/implementation-cycles,Dev-kit specialisation,ICW trio test design (legacy or parallel to IPP where not consolidated),Optimal,dev-kit-ipw-ipp-vs-icw-artifacts.md matrix,Low,Consistent,keep,docs
docs/implementation-cycles/ICW-E4S08T07-implementation-plan.md,docs/implementation-cycles,Dev-kit specialisation,ICW trio implementation plan (legacy or parallel to IPP where not consolidated),Optimal,dev-kit-ipw-ipp-vs-icw-artifacts.md matrix,Low,Consistent,keep,docs
docs/implementation-cycles/ICW-E4S08T07-specification.md,docs/implementation-cycles,Dev-kit specialisation,ICW trio specification (legacy or parallel to IPP where not consolidated),Optimal,dev-kit-ipw-ipp-vs-icw-artifacts.md matrix,Low,Consistent,keep,docs
docs/implementation-cycles/ICW-E4S08T07-test-design.md,docs/implementation-cycles,Dev-kit specialisation,ICW trio test design (legacy or parallel to IPP where not consolidated),Optimal,dev-kit-ipw-ipp-vs-icw-artifacts.md matrix,Low,Consistent,keep,docs
docs/implementation-cycles/ICW-E4S11T07-specification.md,docs/implementation-cycles,Dev-kit specialisation,ICW trio specification (legacy or parallel to IPP where not consolidated),Optimal,dev-kit-ipw-ipp-vs-icw-artifacts.md matrix,Low,Consistent,keep,docs
docs/implementation-cycles/ICW-E4S19T05-implementation-plan.md,docs/implementation-cycles,Dev-kit specialisation,ICW trio implementation plan (legacy or parallel to IPP where not consolidated),Optimal,dev-kit-ipw-ipp-vs-icw-artifacts.md matrix,Low,Consistent,keep,docs
docs/implementation-cycles/ICW-E4S19T05-specification.md,docs/implementation-cycles,Dev-kit specialisation,ICW trio specification (legacy or parallel to IPP where not consolidated),Optimal,dev-kit-ipw-ipp-vs-icw-artifacts.md matrix,Low,Consistent,keep,docs
docs/implementation-cycles/ICW-E4S19T05-test-design.md,docs/implementation-cycles,Dev-kit specialisation,ICW trio test design (legacy or parallel to IPP where not consolidated),Optimal,dev-kit-ipw-ipp-vs-icw-artifacts.md matrix,Low,Consistent,keep,docs
docs/implementation-cycles/ICW-E5S01T35-implementation-plan.md,docs/implementation-cycles,Dev-kit specialisation,ICW trio implementation plan (legacy or parallel to IPP where not consolidated),Optimal,dev-kit-ipw-ipp-vs-icw-artifacts.md matrix,Low,Consistent,keep,docs
docs/implementation-cycles/ICW-E5S01T35-package-summary.md,docs/implementation-cycles,Dev-kit specialisation,ICW trio ICW planning artifact (legacy or parallel to IPP where not consolidated),Optimal,dev-kit-ipw-ipp-vs-icw-artifacts.md matrix,Low,Consistent,keep,docs
docs/implementation-cycles/ICW-E5S01T35-specification.md,docs/implementation-cycles,Dev-kit specialisation,ICW trio specification (legacy or parallel to IPP where not consolidated),Optimal,dev-kit-ipw-ipp-vs-icw-artifacts.md matrix,Low,Consistent,keep,docs
docs/implementation-cycles/ICW-E5S01T35-test-design.md,docs/implementation-cycles,Dev-kit specialisation,ICW trio test design (legacy or parallel to IPP where not consolidated),Optimal,dev-kit-ipw-ipp-vs-icw-artifacts.md matrix,Low,Consistent,keep,docs
docs/implementation-cycles/ICW-E5S01T46-specification.md,docs/implementation-cycles,Dev-kit specialisation,ICW trio specification (legacy or parallel to IPP where not consolidated),Optimal,dev-kit-ipw-ipp-vs-icw-artifacts.md matrix,Low,Consistent,keep,docs
docs/implementation-cycles/ICW-E5S01T46-test-design.md,docs/implementation-cycles,Dev-kit specialisation,ICW trio test design (legacy or parallel to IPP where not consolidated),Optimal,dev-kit-ipw-ipp-vs-icw-artifacts.md matrix,Low,Consistent,keep,docs
docs/implementation-cycles/ICW-E6S07T106-specification.md,docs/implementation-cycles,Dev-kit specialisation,ICW trio specification (legacy or parallel to IPP where not consolidated),Optimal,dev-kit-ipw-ipp-vs-icw-artifacts.md matrix,Low,Consistent,keep,docs
docs/implementation-cycles/ICW-E6S07T111-implementation-plan.md,docs/implementation-cycles,Dev-kit specialisation,ICW trio implementation plan (legacy or parallel to IPP where not consolidated),Optimal,dev-kit-ipw-ipp-vs-icw-artifacts.md matrix,Low,Consistent,keep,docs
docs/implementation-cycles/ICW-E6S07T111-specification.md,docs/implementation-cycles,Dev-kit specialisation,ICW trio specification (legacy or parallel to IPP where not consolidated),Optimal,dev-kit-ipw-ipp-vs-icw-artifacts.md matrix,Low,Consistent,keep,docs
docs/implementation-cycles/ICW-E6S07T111-test-design.md,docs/implementation-cycles,Dev-kit specialisation,ICW trio test design (legacy or parallel to IPP where not consolidated),Optimal,dev-kit-ipw-ipp-vs-icw-artifacts.md matrix,Low,Consistent,keep,docs
docs/implementation-cycles/ICW-E6S07T114-implementation-plan.md,docs/implementation-cycles,Dev-kit specialisation,ICW trio implementation plan (legacy or parallel to IPP where not consolidated),Optimal,dev-kit-ipw-ipp-vs-icw-artifacts.md matrix,Low,Consistent,keep,docs
docs/implementation-cycles/ICW-E6S07T114-specification.md,docs/implementation-cycles,Dev-kit specialisation,ICW trio specification (legacy or parallel to IPP where not consolidated),Optimal,dev-kit-ipw-ipp-vs-icw-artifacts.md matrix,Low,Consistent,keep,docs
docs/implementation-cycles/ICW-E6S07T114-test-design.md,docs/implementation-cycles,Dev-kit specialisation,ICW trio test design (legacy or parallel to IPP where not consolidated),Optimal,dev-kit-ipw-ipp-vs-icw-artifacts.md matrix,Low,Consistent,keep,docs
docs/implementation-cycles/ICW-E6S07T115-implementation-plan.md,docs/implementation-cycles,Dev-kit specialisation,ICW trio implementation plan (legacy or parallel to IPP where not consolidated),Optimal,dev-kit-ipw-ipp-vs-icw-artifacts.md matrix,Low,Consistent,keep,docs
docs/implementation-cycles/ICW-E6S07T115-specification.md,docs/implementation-cycles,Dev-kit specialisation,ICW trio specification (legacy or parallel to IPP where not consolidated),Optimal,dev-kit-ipw-ipp-vs-icw-artifacts.md matrix,Low,Consistent,keep,docs
docs/implementation-cycles/ICW-E6S07T115-test-design.md,docs/implementation-cycles,Dev-kit specialisation,ICW trio test design (legacy or parallel to IPP where not consolidated),Optimal,dev-kit-ipw-ipp-vs-icw-artifacts.md matrix,Low,Consistent,keep,docs
docs/implementation-cycles/ICW-E6S07T18-specification.md,docs/implementation-cycles,Dev-kit specialisation,ICW trio specification (legacy or parallel to IPP where not consolidated),Optimal,dev-kit-ipw-ipp-vs-icw-artifacts.md matrix,Low,Consistent,keep,docs
docs/implementation-cycles/ICW-E7S01T06-implementation-plan.md,docs/implementation-cycles,Dev-kit specialisation,ICW trio implementation plan (legacy or parallel to IPP where not consolidated),Optimal,dev-kit-ipw-ipp-vs-icw-artifacts.md matrix,Low,Consistent,keep,docs
docs/implementation-cycles/ICW-E7S01T06-specification.md,docs/implementation-cycles,Dev-kit specialisation,ICW trio specification (legacy or parallel to IPP where not consolidated),Optimal,dev-kit-ipw-ipp-vs-icw-artifacts.md matrix,Low,Consistent,keep,docs
docs/implementation-cycles/ICW-E7S01T06-test-design.md,docs/implementation-cycles,Dev-kit specialisation,ICW trio test design (legacy or parallel to IPP where not consolidated),Optimal,dev-kit-ipw-ipp-vs-icw-artifacts.md matrix,Low,Consistent,keep,docs
docs/implementation-cycles/ICW-E7S01T07-implementation-plan.md,docs/implementation-cycles,Dev-kit specialisation,ICW trio implementation plan (legacy or parallel to IPP where not consolidated),Optimal,dev-kit-ipw-ipp-vs-icw-artifacts.md matrix,Low,Consistent,keep,docs
docs/implementation-cycles/ICW-E7S01T07-specification.md,docs/implementation-cycles,Dev-kit specialisation,ICW trio specification (legacy or parallel to IPP where not consolidated),Optimal,dev-kit-ipw-ipp-vs-icw-artifacts.md matrix,Low,Consistent,keep,docs
docs/implementation-cycles/ICW-E7S01T07-test-design.md,docs/implementation-cycles,Dev-kit specialisation,ICW trio test design (legacy or parallel to IPP where not consolidated),Optimal,dev-kit-ipw-ipp-vs-icw-artifacts.md matrix,Low,Consistent,keep,docs
docs/implementation-cycles/ICW-E7S06-T10-T16-implementation-plan.md,docs/implementation-cycles,Dev-kit specialisation,ICW trio implementation plan (legacy or parallel to IPP where not consolidated),Optimal,dev-kit-ipw-ipp-vs-icw-artifacts.md matrix,Low,Consistent,keep,docs
docs/implementation-cycles/ICW-E7S06-T10-T16-specification.md,docs/implementation-cycles,Dev-kit specialisation,ICW trio specification (legacy or parallel to IPP where not consolidated),Optimal,dev-kit-ipw-ipp-vs-icw-artifacts.md matrix,Low,Consistent,keep,docs
docs/implementation-cycles/ICW-E7S06-T10-T16-test-design.md,docs/implementation-cycles,Dev-kit specialisation,ICW trio test design (legacy or parallel to IPP where not consolidated),Optimal,dev-kit-ipw-ipp-vs-icw-artifacts.md matrix,Low,Consistent,keep,docs
docs/implementation-cycles/ICW-E7S06T18-implementation-plan.md,docs/implementation-cycles,Dev-kit specialisation,ICW trio implementation plan (legacy or parallel to IPP where not consolidated),Optimal,dev-kit-ipw-ipp-vs-icw-artifacts.md matrix,Low,Consistent,keep,docs
docs/implementation-cycles/ICW-E7S06T18-specification.md,docs/implementation-cycles,Dev-kit specialisation,ICW trio specification (legacy or parallel to IPP where not consolidated),Optimal,dev-kit-ipw-ipp-vs-icw-artifacts.md matrix,Low,Consistent,keep,docs
docs/implementation-cycles/ICW-E7S06T18-test-design.md,docs/implementation-cycles,Dev-kit specialisation,ICW trio test design (legacy or parallel to IPP where not consolidated),Optimal,dev-kit-ipw-ipp-vs-icw-artifacts.md matrix,Low,Consistent,keep,docs
docs/implementation-cycles/ICW-E8S04T01-specification.md,docs/implementation-cycles,Dev-kit specialisation,ICW trio specification (legacy or parallel to IPP where not consolidated),Optimal,dev-kit-ipw-ipp-vs-icw-artifacts.md matrix,Low,Consistent,keep,docs
docs/implementation-cycles/ICW-IMPLEMENTATION-SUMMARY.md,docs/implementation-cycles,Dev-kit specialisation,ICW trio ICW planning artifact (legacy or parallel to IPP where not consolidated),Optimal,dev-kit-ipw-ipp-vs-icw-artifacts.md matrix,Low,Consistent,keep,docs
docs/implementation-cycles/IPP-E01S02T14-adopter-external-dependency-tracking.md,docs/implementation-cycles,Dev-kit specialisation,Consolidated IPW implementation plan package for E01:S02:T14,Optimal,FR-042 IPP; specification-and-planning-artifacts-policy.md,Medium,Consistent,keep,docs
docs/implementation-cycles/IPP-E02S01T06-validate-version-bump-story-detection-br001.md,docs/implementation-cycles,Dev-kit specialisation,Consolidated IPW implementation plan package for E02:S01:T06,Optimal,FR-042 IPP; specification-and-planning-artifacts-policy.md,Medium,Consistent,keep,docs
docs/implementation-cycles/IPP-E02S01T24-rw-build-increment-tag-immutability.md,docs/implementation-cycles,Dev-kit specialisation,Consolidated IPW implementation plan package for E02:S01:T24,Optimal,FR-042 IPP; specification-and-planning-artifacts-policy.md,Medium,Consistent,keep,docs
docs/implementation-cycles/IPP-E02S01T25-release-metadata-async-ingest-umbrella.md,docs/implementation-cycles,Dev-kit specialisation,Consolidated IPW implementation plan package for E02:S01:T25,Optimal,FR-042 IPP; specification-and-planning-artifacts-policy.md,Medium,Consistent,keep,docs
docs/implementation-cycles/IPP-E02S01T30-rw-architectural-contract-release-transaction.md,docs/implementation-cycles,Dev-kit specialisation,Consolidated IPW implementation plan package for E02:S01:T30,Optimal,FR-042 IPP; specification-and-planning-artifacts-policy.md,Medium,Consistent,keep,docs
docs/implementation-cycles/IPP-E02S01T31-github-actions-run-title-external-semver.md,docs/implementation-cycles,Dev-kit specialisation,Consolidated IPW implementation plan package for E02:S01:T31,Optimal,FR-042 IPP; specification-and-planning-artifacts-policy.md,Medium,Consistent,keep,docs
docs/implementation-cycles/IPP-E02S03T09-meta-workflow-orchestration-mwf-fr124.md,docs/implementation-cycles,Dev-kit specialisation,Consolidated IPW implementation plan package for E02:S03:T09,Optimal,FR-042 IPP; specification-and-planning-artifacts-policy.md,Medium,Consistent,keep,docs
docs/implementation-cycles/IPP-E02S03T10-workflow-encapsulation-integrity-mwf-fr126.md,docs/implementation-cycles,Dev-kit specialisation,Consolidated IPW implementation plan package for E02:S03:T10,Optimal,FR-042 IPP; specification-and-planning-artifacts-policy.md,Medium,Consistent,keep,docs
docs/implementation-cycles/IPP-E02S03T12-environment-aware-workflow-execution-fr128.md,docs/implementation-cycles,Dev-kit specialisation,Consolidated IPW implementation plan package for E02:S03:T12,Optimal,FR-042 IPP; specification-and-planning-artifacts-policy.md,Medium,Consistent,keep,docs
docs/implementation-cycles/IPP-E02S11T13-github-actions-workflow-spam-emails.md,docs/implementation-cycles,Dev-kit specialisation,Consolidated IPW implementation plan package for E02:S11:T13,Optimal,FR-042 IPP; specification-and-planning-artifacts-policy.md,Medium,Consistent,keep,docs
docs/implementation-cycles/IPP-E02S11T14-github-actions-workflow-optimization.md,docs/implementation-cycles,Dev-kit specialisation,Consolidated IPW implementation plan package for E02:S11:T14,Optimal,FR-042 IPP; specification-and-planning-artifacts-policy.md,Medium,Consistent,keep,docs
docs/implementation-cycles/IPP-E02S13T02-inventory-package-components-map.md,docs/implementation-cycles,Dev-kit specialisation,Consolidated IPW implementation plan package for E02:S13:T02,Optimal,FR-042 IPP; specification-and-planning-artifacts-policy.md,Medium,Consistent,keep,docs
docs/implementation-cycles/IPP-E02S13T03-workflow-behavior-validation.md,docs/implementation-cycles,Dev-kit specialisation,Consolidated IPW implementation plan package for E02:S13:T03,Optimal,FR-042 IPP; specification-and-planning-artifacts-policy.md,Medium,Consistent,keep,docs
docs/implementation-cycles/IPP-E02S13T04-integration-dependency-alignment.md,docs/implementation-cycles,Dev-kit specialisation,Consolidated IPW implementation plan package for E02:S13:T04,Optimal,FR-042 IPP; specification-and-planning-artifacts-policy.md,Medium,Consistent,keep,docs
docs/implementation-cycles/IPP-E02S13T05-gap-log-risk-assessment.md,docs/implementation-cycles,Dev-kit specialisation,Consolidated IPW implementation plan package for E02:S13:T05,Optimal,FR-042 IPP; specification-and-planning-artifacts-policy.md,Medium,Consistent,keep,docs
docs/implementation-cycles/IPP-E02S13T06-rc-sign-off-remediation.md,docs/implementation-cycles,Dev-kit specialisation,Consolidated IPW implementation plan package for E02:S13:T06,Optimal,FR-042 IPP; specification-and-planning-artifacts-policy.md,Medium,Consistent,keep,docs
docs/implementation-cycles/IPP-E02S13T08-sync-packaged-workflows-live-spec.md,docs/implementation-cycles,Dev-kit specialisation,Consolidated IPW implementation plan package for E02:S13:T08,Optimal,FR-042 IPP; specification-and-planning-artifacts-policy.md,Medium,Consistent,keep,docs
docs/implementation-cycles/IPP-E02S13T09-fr050-workflows-directory-reorganization.md,docs/implementation-cycles,Dev-kit specialisation,Consolidated IPW implementation plan package for E02:S13:T09,Optimal,FR-042 IPP; specification-and-planning-artifacts-policy.md,Medium,Consistent,keep,docs
docs/implementation-cycles/IPP-E02S13T10-kanban-transform-consolidation-and-config-loader-unification.md,docs/implementation-cycles,Dev-kit specialisation,Consolidated IPW implementation plan package for E02:S13:T10,Optimal,FR-042 IPP; specification-and-planning-artifacts-policy.md,Medium,Consistent,keep,docs
docs/implementation-cycles/IPP-E02S14T01-enumerate-workflow-mgt-installation-paths.md,docs/implementation-cycles,Dev-kit specialisation,Consolidated IPW implementation plan package for E02:S14:T01,Optimal,FR-042 IPP; specification-and-planning-artifacts-policy.md,Medium,Consistent,keep,docs
docs/implementation-cycles/IPP-E02S15T01-br066-corpus-tail-phase3.md,docs/implementation-cycles,Dev-kit specialisation,Consolidated IPW implementation plan package for E02:S15:T01,Optimal,FR-042 IPP; specification-and-planning-artifacts-policy.md,Medium,Consistent,keep,docs
docs/implementation-cycles/IPP-E02S15T01-br066-publication-backfill-phase2.md,docs/implementation-cycles,Dev-kit specialisation,Consolidated IPW implementation plan package for E02:S15:T01,Optimal,FR-042 IPP; specification-and-planning-artifacts-policy.md,Medium,Consistent,keep,docs
docs/implementation-cycles/IPP-E02S15T14-kanban-stamp-immutability-adr029-fr130.md,docs/implementation-cycles,Dev-kit specialisation,Consolidated IPW implementation plan package for E02:S15:T14,Optimal,FR-042 IPP; specification-and-planning-artifacts-policy.md,Medium,Consistent,keep,docs
docs/implementation-cycles/IPP-E02S16T05-github-actions-ci-health-perpetual-fr112.md,docs/implementation-cycles,Dev-kit specialisation,Consolidated IPW implementation plan package for E02:S16:T05,Optimal,FR-042 IPP; specification-and-planning-artifacts-policy.md,Medium,Consistent,keep,docs
docs/implementation-cycles/IPP-E02S16T06-github-security-code-quality-health-perpetual-fr112.md,docs/implementation-cycles,Dev-kit specialisation,Consolidated IPW implementation plan package for E02:S16:T06,Optimal,FR-042 IPP; specification-and-planning-artifacts-policy.md,Medium,Consistent,keep,docs
docs/implementation-cycles/IPP-E02S16T06-ukw-rp-flag-fr085.md,docs/implementation-cycles,Dev-kit specialisation,Consolidated IPW implementation plan package for E02:S16:T06,Optimal,FR-042 IPP; specification-and-planning-artifacts-policy.md,Medium,Consistent,keep,docs
docs/implementation-cycles/IPP-E02S16T13-br059-ukw-moscow-full-story-coverage.md,docs/implementation-cycles,Dev-kit specialisation,Consolidated IPW implementation plan package for E02:S16:T13,Optimal,FR-042 IPP; specification-and-planning-artifacts-policy.md,Medium,Consistent,keep,docs
docs/implementation-cycles/IPP-E02S16T15-workflow-initiation-cheatsheet.md,docs/implementation-cycles,Dev-kit specialisation,Consolidated IPW implementation plan package for E02:S16:T15,Optimal,FR-042 IPP; specification-and-planning-artifacts-policy.md,Medium,Consistent,keep,docs
docs/implementation-cycles/IPP-E02S16T16-ukw-archive-completed-fr102.md,docs/implementation-cycles,Dev-kit specialisation,Consolidated IPW implementation plan package for E02:S16:T16,Optimal,FR-042 IPP; specification-and-planning-artifacts-policy.md,Medium,Consistent,keep,docs
docs/implementation-cycles/IPP-E02S16T17-agent-bootstrap-and-task-routing-fr103.md,docs/implementation-cycles,Dev-kit specialisation,Consolidated IPW implementation plan package for E02:S16:T17,Optimal,FR-042 IPP; specification-and-planning-artifacts-policy.md,Medium,Consistent,keep,docs
docs/implementation-cycles/IPP-E02S16T19-rw-dpz-short-flag-uxr022.md,docs/implementation-cycles,Dev-kit specialisation,Consolidated IPW implementation plan package for E02:S16:T19,Optimal,FR-042 IPP; specification-and-planning-artifacts-policy.md,Medium,Consistent,keep,docs
docs/implementation-cycles/IPP-E02S16T20-restore-kboard-ipp-segment-uxr023.md,docs/implementation-cycles,Dev-kit specialisation,Consolidated IPW implementation plan package for E02:S16:T20,Optimal,FR-042 IPP; specification-and-planning-artifacts-policy.md,Medium,Consistent,keep,docs
docs/implementation-cycles/IPP-E02S16T22-implementation-delivery-workflow-idw-fr118.md,docs/implementation-cycles,Dev-kit specialisation,Consolidated IPW implementation plan package for E02:S16:T22,Optimal,FR-042 IPP; specification-and-planning-artifacts-policy.md,Medium,Consistent,keep,docs
docs/implementation-cycles/IPP-E02S16T24-s16-perpetual-only-semantic-scatter.md,docs/implementation-cycles,Dev-kit specialisation,Consolidated IPW implementation plan package for E02:S16:T24,Optimal,FR-042 IPP; specification-and-planning-artifacts-policy.md,Medium,Consistent,keep,docs
docs/implementation-cycles/IPP-E02S17T03-sqlite-release-state-schema.md,docs/implementation-cycles,Dev-kit specialisation,Consolidated IPW implementation plan package for E02:S17:T03,Optimal,FR-042 IPP; specification-and-planning-artifacts-policy.md,Medium,Consistent,keep,docs
docs/implementation-cycles/IPP-E02S17T07-sqlite-semver-registry-cutover.md,docs/implementation-cycles,Dev-kit specialisation,Consolidated IPW implementation plan package for E02:S17:T07,Optimal,FR-042 IPP; specification-and-planning-artifacts-policy.md,Medium,Consistent,keep,docs
docs/implementation-cycles/IPP-E03S02T12-task-touch-semver-collision-hardening.md,docs/implementation-cycles,Dev-kit specialisation,Consolidated IPW implementation plan package for E03:S02:T12,Optimal,FR-042 IPP; specification-and-planning-artifacts-policy.md,Medium,Consistent,keep,docs
docs/implementation-cycles/IPP-E03S02T14-semver-allocation-authority.md,docs/implementation-cycles,Dev-kit specialisation,Consolidated IPW implementation plan package for E03:S02:T14,Optimal,FR-042 IPP; specification-and-planning-artifacts-policy.md,Medium,Consistent,keep,docs
docs/implementation-cycles/IPP-E03S02T15-semver-external-build-metadata-redundancy.md,docs/implementation-cycles,Dev-kit specialisation,Consolidated IPW implementation plan package for E03:S02:T15,Optimal,FR-042 IPP; specification-and-planning-artifacts-policy.md,Medium,Consistent,keep,docs
docs/implementation-cycles/IPP-E04S06T06-br005-canonical-epics-structure-gap.md,docs/implementation-cycles,Dev-kit specialisation,Consolidated IPW implementation plan package for E04:S06:T06,Optimal,FR-042 IPP; specification-and-planning-artifacts-policy.md,Medium,Consistent,keep,docs
docs/implementation-cycles/IPP-E04S07T01-br006-migration-support-pre-existing-kanban.md,docs/implementation-cycles,Dev-kit specialisation,Consolidated IPW implementation plan package for E04:S07:T01,Optimal,FR-042 IPP; specification-and-planning-artifacts-policy.md,Medium,Consistent,keep,docs
docs/implementation-cycles/IPP-E04S07T02-fr007-migration-utilities-installation-modes.md,docs/implementation-cycles,Dev-kit specialisation,Consolidated IPW implementation plan package for E04:S07:T02,Optimal,FR-042 IPP; specification-and-planning-artifacts-policy.md,Medium,Consistent,keep,docs
docs/implementation-cycles/IPP-E04S08T05-migration-plan-presentation-fr009.md,docs/implementation-cycles,Dev-kit specialisation,Consolidated IPW implementation plan package for E04:S08:T05,Optimal,FR-042 IPP; specification-and-planning-artifacts-policy.md,Medium,Consistent,keep,docs
docs/implementation-cycles/IPP-E04S09T01-br007-kanban-package-installation.md,docs/implementation-cycles,Dev-kit specialisation,Consolidated IPW implementation plan package for E04:S09:T01,Optimal,FR-042 IPP; specification-and-planning-artifacts-policy.md,Medium,Consistent,keep,docs
docs/implementation-cycles/IPP-E04S11T07-fr016-discrete-task-docs-migration.md,docs/implementation-cycles,Dev-kit specialisation,Consolidated IPW implementation plan package for E04:S11:T07,Optimal,FR-042 IPP; specification-and-planning-artifacts-policy.md,Medium,Consistent,keep,docs
docs/implementation-cycles/IPP-E04S13T08-kanban-task-waiting-in-review-state-icons.md,docs/implementation-cycles,Dev-kit specialisation,Consolidated IPW implementation plan package for E04:S13:T08,Optimal,FR-042 IPP; specification-and-planning-artifacts-policy.md,Medium,Consistent,keep,docs
docs/implementation-cycles/IPP-E04S14T12-kanban-completed-sqlite-ledger-pdf-report.md,docs/implementation-cycles,Dev-kit specialisation,Consolidated IPW implementation plan package for E04:S14:T12,Optimal,FR-042 IPP; specification-and-planning-artifacts-policy.md,Medium,Consistent,keep,docs
docs/implementation-cycles/IPP-E04S15T05-hybrid-strategy-docs-and-generator-integration.md,docs/implementation-cycles,Dev-kit specialisation,Consolidated IPW implementation plan package for E04:S15:T05,Optimal,FR-042 IPP; specification-and-planning-artifacts-policy.md,Medium,Consistent,keep,docs
docs/implementation-cycles/IPP-E04S19T08-fr072-approach-d-d2-d4-migration-and-doc-sweep.md,docs/implementation-cycles,Dev-kit specialisation,Consolidated IPW implementation plan package for E04:S19:T08,Optimal,FR-042 IPP; specification-and-planning-artifacts-policy.md,Medium,Consistent,keep,docs
docs/implementation-cycles/IPP-E04S19T10-e7-s00-detasking-br076.md,docs/implementation-cycles,Dev-kit specialisation,Consolidated IPW implementation plan package for E04:S19:T10,Optimal,FR-042 IPP; specification-and-planning-artifacts-policy.md,Medium,Consistent,keep,docs
docs/implementation-cycles/IPP-E04S19T11-kanban-epic-story-path-lowercase-naming.md,docs/implementation-cycles,Dev-kit specialisation,Consolidated IPW implementation plan package for E04:S19:T11,Optimal,FR-042 IPP; specification-and-planning-artifacts-policy.md,Medium,Consistent,keep,docs
docs/implementation-cycles/IPP-E04S19T12-single-board-consolidation-uxr020.md,docs/implementation-cycles,Dev-kit specialisation,Consolidated IPW implementation plan package for E04:S19:T12,Optimal,FR-042 IPP; specification-and-planning-artifacts-policy.md,Medium,Consistent,keep,docs
docs/implementation-cycles/IPP-E04S19T14-fr-br-directory-rename-to-fbu.md,docs/implementation-cycles,Dev-kit specialisation,Consolidated IPW implementation plan package for E04:S19:T14,Optimal,FR-042 IPP; specification-and-planning-artifacts-policy.md,Medium,Consistent,keep,docs
docs/implementation-cycles/IPP-E05S01T44-rw-temporary-execution-log.md,docs/implementation-cycles,Dev-kit specialisation,Consolidated IPW implementation plan package for E05:S01:T44,Optimal,FR-042 IPP; specification-and-planning-artifacts-policy.md,Medium,Consistent,keep,docs
docs/implementation-cycles/IPP-E05S02T07-unified-documentation-governance-strategy-fr139.md,docs/implementation-cycles,Dev-kit specialisation,Consolidated IPW implementation plan package for E05:S02:T07,Optimal,FR-042 IPP; specification-and-planning-artifacts-policy.md,Medium,Consistent,keep,docs
docs/implementation-cycles/IPP-E05S08T03-big-bang-notion-migration-maintainer-kb-fr114.md,docs/implementation-cycles,Dev-kit specialisation,Consolidated IPW implementation plan package for E05:S08:T03,Optimal,FR-042 IPP; specification-and-planning-artifacts-policy.md,Medium,Consistent,keep,docs
docs/implementation-cycles/IPP-E05S08T04-agent-notion-first-authoring-and-bootstrap-routing-fr114.md,docs/implementation-cycles,Dev-kit specialisation,Consolidated IPW implementation plan package for E05:S08:T04,Optimal,FR-042 IPP; specification-and-planning-artifacts-policy.md,Medium,Consistent,keep,docs
docs/implementation-cycles/IPP-E05S08T05-reverse-notion-migration-git-internal-maintainer-kb-fr121.md,docs/implementation-cycles,Dev-kit specialisation,Consolidated IPW implementation plan package for E05:S08:T05,Optimal,FR-042 IPP; specification-and-planning-artifacts-policy.md,Medium,Consistent,keep,docs
docs/implementation-cycles/IPP-E05S08T06-adr-026-git-maintainer-authoring-bootstrap-fr121.md,docs/implementation-cycles,Dev-kit specialisation,Consolidated IPW implementation plan package for E05:S08:T06,Optimal,FR-042 IPP; specification-and-planning-artifacts-policy.md,Medium,Consistent,keep,docs
docs/implementation-cycles/IPP-E05S08T07-optional-obsidian-editor-profiles-greenfield-install-fr121.md,docs/implementation-cycles,Dev-kit specialisation,Consolidated IPW implementation plan package for E05:S08:T07,Optimal,FR-042 IPP; specification-and-planning-artifacts-policy.md,Medium,Consistent,keep,docs
docs/implementation-cycles/IPP-E05S09T11-docusaurus-monorepo-markdown-link-resolution-br068.md,docs/implementation-cycles,Dev-kit specialisation,Consolidated IPW implementation plan package for E05:S09:T11,Optimal,FR-042 IPP; specification-and-planning-artifacts-policy.md,Medium,Consistent,keep,docs
docs/implementation-cycles/IPP-E05S09T12-changelog-directory-consolidation.md,docs/implementation-cycles,Dev-kit specialisation,Consolidated IPW implementation plan package for E05:S09:T12,Optimal,FR-042 IPP; specification-and-planning-artifacts-policy.md,Medium,Consistent,keep,docs
docs/implementation-cycles/IPP-E05S09T13-docusaurus-faster-package-alignment.md,docs/implementation-cycles,Dev-kit specialisation,Consolidated IPW implementation plan package for E05:S09:T13,Optimal,FR-042 IPP; specification-and-planning-artifacts-policy.md,Medium,Consistent,keep,docs
docs/implementation-cycles/IPP-E05S09T14-docusaurus-ci-workflow-deduplication.md,docs/implementation-cycles,Dev-kit specialisation,Consolidated IPW implementation plan package for E05:S09:T14,Optimal,FR-042 IPP; specification-and-planning-artifacts-policy.md,Medium,Consistent,keep,docs
docs/implementation-cycles/IPP-E05S09T15-docusaurus-adopter-public-publish-allowlist-fr114.md,docs/implementation-cycles,Dev-kit specialisation,Consolidated IPW implementation plan package for E05:S09:T15,Optimal,FR-042 IPP; specification-and-planning-artifacts-policy.md,Medium,Consistent,keep,docs
docs/implementation-cycles/IPP-E06S07T107-ide-command-whitelist-optimization.md,docs/implementation-cycles,Dev-kit specialisation,Consolidated IPW implementation plan package for E06:S07:T107,Optimal,FR-042 IPP; specification-and-planning-artifacts-policy.md,Medium,Consistent,keep,docs
docs/implementation-cycles/IPP-E06S09T07-br078-kanban-structure-template-missing.md,docs/implementation-cycles,Dev-kit specialisation,Consolidated IPW implementation plan package for E06:S09:T07,Optimal,FR-042 IPP; specification-and-planning-artifacts-policy.md,Medium,Consistent,keep,docs
docs/implementation-cycles/IPP-E06S09T08-br079-epic-22-23-install-templates.md,docs/implementation-cycles,Dev-kit specialisation,Consolidated IPW implementation plan package for E06:S09:T08,Optimal,FR-042 IPP; specification-and-planning-artifacts-policy.md,Medium,Consistent,keep,docs
docs/implementation-cycles/IPP-E06S09T09-br080-fresh-mode-empty-repo-validation.md,docs/implementation-cycles,Dev-kit specialisation,Consolidated IPW implementation plan package for E06:S09:T09,Optimal,FR-042 IPP; specification-and-planning-artifacts-policy.md,Medium,Consistent,keep,docs
docs/implementation-cycles/IPP-E06S09T10-br081-kanban-install-datetime-utcnow.md,docs/implementation-cycles,Dev-kit specialisation,Consolidated IPW implementation plan package for E06:S09:T10,Optimal,FR-042 IPP; specification-and-planning-artifacts-policy.md,Medium,Consistent,keep,docs
docs/implementation-cycles/IPP-E06S09T11-br082-rw-install-pyyaml-preflight.md,docs/implementation-cycles,Dev-kit specialisation,Consolidated IPW implementation plan package for E06:S09:T11,Optimal,FR-042 IPP; specification-and-planning-artifacts-policy.md,Medium,Consistent,keep,docs
docs/implementation-cycles/IPP-E06S09T12-br083-rw-install-pattern-defaults.md,docs/implementation-cycles,Dev-kit specialisation,Consolidated IPW implementation plan package for E06:S09:T12,Optimal,FR-042 IPP; specification-and-planning-artifacts-policy.md,Medium,Consistent,keep,docs
docs/implementation-cycles/IPP-E06S09T13-br084-rw-config-generation.md,docs/implementation-cycles,Dev-kit specialisation,Consolidated IPW implementation plan package for E06:S09:T13,Optimal,FR-042 IPP; specification-and-planning-artifacts-policy.md,Medium,Consistent,keep,docs
docs/implementation-cycles/IPP-E06S09T15-install-setup-interactive-feedback-external-semver.md,docs/implementation-cycles,Dev-kit specialisation,Consolidated IPW implementation plan package for E06:S09:T15,Optimal,FR-042 IPP; specification-and-planning-artifacts-policy.md,Medium,Consistent,keep,docs
docs/implementation-cycles/IPP-E06S09T16-br086-lowercase-fresh-kanban-patterns.md,docs/implementation-cycles,Dev-kit specialisation,Consolidated IPW implementation plan package for E06:S09:T16,Optimal,FR-042 IPP; specification-and-planning-artifacts-policy.md,Medium,Consistent,keep,docs
docs/implementation-cycles/IPP-E06S09T18-br087-framework-slug-install-closure.md,docs/implementation-cycles,Dev-kit specialisation,Consolidated IPW implementation plan package for E06:S09:T18,Optimal,FR-042 IPP; specification-and-planning-artifacts-policy.md,Medium,Consistent,keep,docs
docs/implementation-cycles/IPP-E06S09T19-br088-version-file-scaffold.md,docs/implementation-cycles,Dev-kit specialisation,Consolidated IPW implementation plan package for E06:S09:T19,Optimal,FR-042 IPP; specification-and-planning-artifacts-policy.md,Medium,Consistent,keep,docs
docs/implementation-cycles/IPP-E06S09T20-install-setup-error-code-registry-fr108.md,docs/implementation-cycles,Dev-kit specialisation,Consolidated IPW implementation plan package for E06:S09:T20,Optimal,FR-042 IPP; specification-and-planning-artifacts-policy.md,Medium,Consistent,keep,docs
docs/implementation-cycles/IPP-E06S09T23-greenfield-install-github-packages-delivery-uxr021.md,docs/implementation-cycles,Dev-kit specialisation,Consolidated IPW implementation plan package for E06:S09:T23,Optimal,FR-042 IPP; specification-and-planning-artifacts-policy.md,Medium,Consistent,keep,docs
docs/implementation-cycles/IPP-E06S09T24-acquisition-layer-adk-error-codes-fr111.md,docs/implementation-cycles,Dev-kit specialisation,Consolidated IPW implementation plan package for E06:S09:T24,Optimal,FR-042 IPP; specification-and-planning-artifacts-policy.md,Medium,Consistent,keep,docs
docs/implementation-cycles/IPP-E06S09T25-starborn-legacy-greenfield-install-diary-triage-uxr025.md,docs/implementation-cycles,Dev-kit specialisation,Consolidated IPW implementation plan package for E06:S09:T25,Optimal,FR-042 IPP; specification-and-planning-artifacts-policy.md,Medium,Consistent,keep,docs
docs/implementation-cycles/IPP-E06S09T27-kanban-v32-package-rewrite-installer-f9-f17.md,docs/implementation-cycles,Dev-kit specialisation,Consolidated IPW implementation plan package for E06:S09:T27,Optimal,FR-042 IPP; specification-and-planning-artifacts-policy.md,Medium,Consistent,keep,docs
docs/implementation-cycles/IPP-E06S09T28-br105-v32-signoff-story-padding.md,docs/implementation-cycles,Dev-kit specialisation,Consolidated IPW implementation plan package for E06:S09:T28,Optimal,FR-042 IPP; specification-and-planning-artifacts-policy.md,Medium,Consistent,keep,docs
docs/implementation-cycles/IPP-E06S09T29-br106-non-interactive-changelog-scaffold.md,docs/implementation-cycles,Dev-kit specialisation,Consolidated IPW implementation plan package for E06:S09:T29,Optimal,FR-042 IPP; specification-and-planning-artifacts-policy.md,Medium,Consistent,keep,docs
docs/implementation-cycles/IPP-E06S09T30-kanban-installer-log-epic-path-padding-br107.md,docs/implementation-cycles,Dev-kit specialisation,Consolidated IPW implementation plan package for E06:S09:T30,Optimal,FR-042 IPP; specification-and-planning-artifacts-policy.md,Medium,Consistent,keep,docs
docs/implementation-cycles/IPP-E06S09T31-agentic-kanban-migration-agent-fr127.md,docs/implementation-cycles,Dev-kit specialisation,Consolidated IPW implementation plan package for E06:S09:T31,Optimal,FR-042 IPP; specification-and-planning-artifacts-policy.md,Medium,Consistent,keep,docs
docs/implementation-cycles/IPP-E06S09T32-detect-structure-zero-padded-epic-br108.md,docs/implementation-cycles,Dev-kit specialisation,Consolidated IPW implementation plan package for E06:S09:T32,Optimal,FR-042 IPP; specification-and-planning-artifacts-policy.md,Medium,Consistent,keep,docs
docs/implementation-cycles/IPP-E06S09T33-adk-package-update-mechanism-fr129.md,docs/implementation-cycles,Dev-kit specialisation,Consolidated IPW implementation plan package for E06:S09:T33,Optimal,FR-042 IPP; specification-and-planning-artifacts-policy.md,Medium,Consistent,keep,docs
docs/implementation-cycles/IPP-E06S09T37-kanban-migration-depth-rationalization-fr133.md,docs/implementation-cycles,Dev-kit specialisation,Consolidated IPW implementation plan package for E06:S09:T37,Optimal,FR-042 IPP; specification-and-planning-artifacts-policy.md,Medium,Consistent,keep,docs
docs/implementation-cycles/IPP-E06S09T38-guided-install-orchestrator-fr135.md,docs/implementation-cycles,Dev-kit specialisation,Consolidated IPW implementation plan package for E06:S09:T38,Optimal,FR-042 IPP; specification-and-planning-artifacts-policy.md,Medium,Consistent,keep,docs
docs/implementation-cycles/IPP-E06S09T39-guided-kma-target-structure-pack-fr136.md,docs/implementation-cycles,Dev-kit specialisation,Consolidated IPW implementation plan package for E06:S09:T39,Optimal,FR-042 IPP; specification-and-planning-artifacts-policy.md,Medium,Consistent,keep,docs
docs/implementation-cycles/IPP-E07S01T09-kanban-template-governance-uxr005.md,docs/implementation-cycles,Dev-kit specialisation,Consolidated IPW implementation plan package for E07:S01:T09,Optimal,FR-042 IPP; specification-and-planning-artifacts-policy.md,Medium,Consistent,keep,docs
docs/implementation-cycles/IPP-E07S01T10-supersession-reconciliation.md,docs/implementation-cycles,Dev-kit specialisation,Consolidated IPW implementation plan package for E07:S01:T10,Optimal,FR-042 IPP; specification-and-planning-artifacts-policy.md,Medium,Consistent,keep,docs
docs/implementation-cycles/IPP-E07S01T12-kanban-path-promotion-fr118.md,docs/implementation-cycles,Dev-kit specialisation,Consolidated IPW implementation plan package for E07:S01:T12,Optimal,FR-042 IPP; specification-and-planning-artifacts-policy.md,Medium,Consistent,keep,docs
docs/implementation-cycles/IPP-E07S01T13-comprehensive-repository-directory-structure-audit.md,docs/implementation-cycles,Dev-kit specialisation,Consolidated IPW implementation plan package for E07:S01:T13,Optimal,FR-042 IPP; specification-and-planning-artifacts-policy.md,Medium,Consistent,keep,docs
docs/implementation-cycles/IPP-E07S01T14-comprehensive-repository-file-level-audit.md,docs/implementation-cycles,Dev-kit specialisation,Consolidated IPW implementation plan package for E07:S01:T14,Optimal,FR-042 IPP; specification-and-planning-artifacts-policy.md,Medium,Consistent,keep,docs
docs/implementation-cycles/IPP-E07S07T01-workflow-machinery-code-review.md,docs/implementation-cycles,Dev-kit specialisation,Consolidated IPW implementation plan package for E07:S07:T01,Optimal,FR-042 IPP; specification-and-planning-artifacts-policy.md,Medium,Consistent,keep,docs
docs/implementation-cycles/IPP-E07S07T02-ci-pytest-gate-for-workflow-scripts.md,docs/implementation-cycles,Dev-kit specialisation,Consolidated IPW implementation plan package for E07:S07:T02,Optimal,FR-042 IPP; specification-and-planning-artifacts-policy.md,Medium,Consistent,keep,docs
docs/implementation-cycles/IPP-E07S07T03-workflow-validator-slug-path-resolution-br091.md,docs/implementation-cycles,Dev-kit specialisation,Consolidated IPW implementation plan package for E07:S07:T03,Optimal,FR-042 IPP; specification-and-planning-artifacts-policy.md,Medium,Consistent,keep,docs
docs/implementation-cycles/IPP-E08S03T04-ci-test-workflow-pytest-remediation-br058.md,docs/implementation-cycles,Dev-kit specialisation,Consolidated IPW implementation plan package for E08:S03:T04,Optimal,FR-042 IPP; specification-and-planning-artifacts-policy.md,Medium,Consistent,keep,docs
docs/implementation-cycles/IPP-E08S03T05-python-minimum-version-fr104-br077.md,docs/implementation-cycles,Dev-kit specialisation,Consolidated IPW implementation plan package for E08:S03:T05,Optimal,FR-042 IPP; specification-and-planning-artifacts-policy.md,Medium,Consistent,keep,docs
docs/implementation-cycles/IPP-E08S03T06-dependabot-enablement-fr105.md,docs/implementation-cycles,Dev-kit specialisation,Consolidated IPW implementation plan package for E08:S03:T06,Optimal,FR-042 IPP; specification-and-planning-artifacts-policy.md,Medium,Consistent,keep,docs
docs/implementation-cycles/IPP-E08S03T07-tests-ci-requests-dependency-br092.md,docs/implementation-cycles,Dev-kit specialisation,Consolidated IPW implementation plan package for E08:S03:T07,Optimal,FR-042 IPP; specification-and-planning-artifacts-policy.md,Medium,Consistent,keep,docs
docs/implementation-cycles/IPP-E08S03T12-code-quality-maintainability-backlog-br099.md,docs/implementation-cycles,Dev-kit specialisation,Consolidated IPW implementation plan package for E08:S03:T12,Optimal,FR-042 IPP; specification-and-planning-artifacts-policy.md,Medium,Consistent,keep,docs
docs/implementation-cycles/IPP-E08S03T13-code-quality-reliability-backlog-br100.md,docs/implementation-cycles,Dev-kit specialisation,Consolidated IPW implementation plan package for E08:S03:T13,Optimal,FR-042 IPP; specification-and-planning-artifacts-policy.md,Medium,Consistent,keep,docs
docs/implementation-cycles/IPP-E08S03T14-code-quality-ai-suggestions-backlog-br101.md,docs/implementation-cycles,Dev-kit specialisation,Consolidated IPW implementation plan package for E08:S03:T14,Optimal,FR-042 IPP; specification-and-planning-artifacts-policy.md,Medium,Consistent,keep,docs
docs/implementation-cycles/IPP-E08S03T15-github-actions-ci-health-perpetual-fr112.md,docs/implementation-cycles,Dev-kit specialisation,Consolidated IPW implementation plan package for E08:S03:T15,Optimal,FR-042 IPP; specification-and-planning-artifacts-policy.md,Medium,Consistent,keep,docs
docs/implementation-cycles/IPP-E08S03T16-github-security-code-quality-health-perpetual-fr112.md,docs/implementation-cycles,Dev-kit specialisation,Consolidated IPW implementation plan package for E08:S03:T16,Optimal,FR-042 IPP; specification-and-planning-artifacts-policy.md,Medium,Consistent,keep,docs
docs/implementation-cycles/IPP-E08S03T17-local-code-quality-gate-cqg-fr113.md,docs/implementation-cycles,Dev-kit specialisation,Consolidated IPW implementation plan package for E08:S03:T17,Optimal,FR-042 IPP; specification-and-planning-artifacts-policy.md,Medium,Consistent,keep,docs
docs/implementation-cycles/IPP-E08S03T19-workflow-scripts-pytest-tuple-return-br103.md,docs/implementation-cycles,Dev-kit specialisation,Consolidated IPW implementation plan package for E08:S03:T19,Optimal,FR-042 IPP; specification-and-planning-artifacts-policy.md,Medium,Consistent,keep,docs
docs/implementation-cycles/IPP-E08S03T20-readme-python-prerequisites-uxr026.md,docs/implementation-cycles,Dev-kit specialisation,Consolidated IPW implementation plan package for E08:S03:T20,Optimal,FR-042 IPP; specification-and-planning-artifacts-policy.md,Medium,Consistent,keep,docs
docs/implementation-cycles/IPP-E08S03T22-pytest-warning-cleanup-uxr030-wave2.md,docs/implementation-cycles,Dev-kit specialisation,Consolidated IPW implementation plan package for E08:S03:T22,Optimal,FR-042 IPP; specification-and-planning-artifacts-policy.md,Medium,Consistent,keep,docs
docs/implementation-cycles/IPP-E08S03T23-greenfield-sync-autofix-ci-hardening-br109.md,docs/implementation-cycles,Dev-kit specialisation,Consolidated IPW implementation plan package for E08:S03:T23,Optimal,FR-042 IPP; specification-and-planning-artifacts-policy.md,Medium,Consistent,keep,docs
docs/implementation-cycles/IPP-E08S03T24-cli-package-test-coverage-gap-closure-fr138.md,docs/implementation-cycles,Dev-kit specialisation,Consolidated IPW implementation plan package for E08:S03:T24,Optimal,FR-042 IPP; specification-and-planning-artifacts-policy.md,Medium,Consistent,keep,docs
docs/implementation-cycles/IPP-E09S01T03-gap-comparison-fr032.md,docs/implementation-cycles,Dev-kit specialisation,Consolidated IPW implementation plan package for E09:S01:T03,Optimal,FR-042 IPP; specification-and-planning-artifacts-policy.md,Medium,Consistent,keep,docs
docs/implementation-cycles/IPP-E10S01T01-expectations-baseline-doc-lifecycle.md,docs/implementation-cycles,Dev-kit specialisation,Consolidated IPW implementation plan package for E10:S01:T01,Optimal,FR-042 IPP; specification-and-planning-artifacts-policy.md,Medium,Consistent,keep,docs
docs/implementation-cycles/IPP-E10S01T02-component-inventory-map.md,docs/implementation-cycles,Dev-kit specialisation,Consolidated IPW implementation plan package for E10:S01:T02,Optimal,FR-042 IPP; specification-and-planning-artifacts-policy.md,Medium,Consistent,keep,docs
docs/implementation-cycles/IPP-E10S01T03-lifecycle-behavior-validation.md,docs/implementation-cycles,Dev-kit specialisation,Consolidated IPW implementation plan package for E10:S01:T03,Optimal,FR-042 IPP; specification-and-planning-artifacts-policy.md,Medium,Consistent,keep,docs
docs/implementation-cycles/IPP-E10S01T04-integration-dependency-alignment.md,docs/implementation-cycles,Dev-kit specialisation,Consolidated IPW implementation plan package for E10:S01:T04,Optimal,FR-042 IPP; specification-and-planning-artifacts-policy.md,Medium,Consistent,keep,docs
docs/implementation-cycles/IPP-E10S01T05-gap-log-risk-assessment.md,docs/implementation-cycles,Dev-kit specialisation,Consolidated IPW implementation plan package for E10:S01:T05,Optimal,FR-042 IPP; specification-and-planning-artifacts-policy.md,Medium,Consistent,keep,docs
docs/implementation-cycles/IPP-E10S01T06-rc-sign-off-remediation.md,docs/implementation-cycles,Dev-kit specialisation,Consolidated IPW implementation plan package for E10:S01:T06,Optimal,FR-042 IPP; specification-and-planning-artifacts-policy.md,Medium,Consistent,keep,docs
docs/implementation-cycles/IPP-E10S01T08-doc-housekeeping-workflow-scripts.md,docs/implementation-cycles,Dev-kit specialisation,Consolidated IPW implementation plan package for E10:S01:T08,Optimal,FR-042 IPP; specification-and-planning-artifacts-policy.md,Medium,Consistent,keep,docs
docs/implementation-cycles/IPP-E10S01T09-sync-architecture-adr-dual-sot.md,docs/implementation-cycles,Dev-kit specialisation,Consolidated IPW implementation plan package for E10:S01:T09,Optimal,FR-042 IPP; specification-and-planning-artifacts-policy.md,Medium,Consistent,keep,docs
docs/implementation-cycles/IPP-E10S01T10-fix-document-lifecycle-validator.md,docs/implementation-cycles,Dev-kit specialisation,Consolidated IPW implementation plan package for E10:S01:T10,Optimal,FR-042 IPP; specification-and-planning-artifacts-policy.md,Medium,Consistent,keep,docs
docs/implementation-cycles/IPP-E1S04-fr099-book-private-public-migration.md,docs/implementation-cycles,Dev-kit specialisation,Consolidated IPW implementation plan package for linked task,Optimal,FR-042 IPP; specification-and-planning-artifacts-policy.md,Low,Consistent,keep,docs
docs/implementation-cycles/IPP-E21S01T01-template-language-selection-github.md,docs/implementation-cycles,Dev-kit specialisation,Consolidated IPW implementation plan package for E21:S01:T01,Optimal,FR-042 IPP; specification-and-planning-artifacts-policy.md,Medium,Consistent,keep,docs
docs/implementation-cycles/IPP-E21S01T02-cli-init-language-selection.md,docs/implementation-cycles,Dev-kit specialisation,Consolidated IPW implementation plan package for E21:S01:T02,Optimal,FR-042 IPP; specification-and-planning-artifacts-policy.md,Medium,Consistent,keep,docs
docs/implementation-cycles/IPP-E21S01T03-rw-installer-language-selection.md,docs/implementation-cycles,Dev-kit specialisation,Consolidated IPW implementation plan package for E21:S01:T03,Optimal,FR-042 IPP; specification-and-planning-artifacts-policy.md,Medium,Consistent,keep,docs
docs/implementation-cycles/IPP-E21S01T04-ukus-content-variants-mvp.md,docs/implementation-cycles,Dev-kit specialisation,Consolidated IPW implementation plan package for E21:S01:T04,Optimal,FR-042 IPP; specification-and-planning-artifacts-policy.md,Medium,Consistent,keep,docs
docs/implementation-cycles/IPP-E21S01T05-config-read-locale-resolution.md,docs/implementation-cycles,Dev-kit specialisation,Consolidated IPW implementation plan package for E21:S01:T05,Optimal,FR-042 IPP; specification-and-planning-artifacts-policy.md,Medium,Consistent,keep,docs
docs/implementation-cycles/IPP-E21S01T06-content-generation-locale-wiring.md,docs/implementation-cycles,Dev-kit specialisation,Consolidated IPW implementation plan package for E21:S01:T06,Optimal,FR-042 IPP; specification-and-planning-artifacts-policy.md,Medium,Consistent,keep,docs
docs/implementation-cycles/IPP-E21S01T07-fr006-phase1-e2e-tests.md,docs/implementation-cycles,Dev-kit specialisation,Consolidated IPW implementation plan package for E21:S01:T07,Optimal,FR-042 IPP; specification-and-planning-artifacts-policy.md,Medium,Consistent,keep,docs
docs/implementation-cycles/IPP-E21S02T01-choose-i18n-framework.md,docs/implementation-cycles,Dev-kit specialisation,Consolidated IPW implementation plan package for E21:S02:T01,Optimal,FR-042 IPP; specification-and-planning-artifacts-policy.md,Medium,Consistent,keep,docs
docs/implementation-cycles/IPP-E21S02T02-locale-file-structure.md,docs/implementation-cycles,Dev-kit specialisation,Consolidated IPW implementation plan package for E21:S02:T02,Optimal,FR-042 IPP; specification-and-planning-artifacts-policy.md,Medium,Consistent,keep,docs
docs/implementation-cycles/IPP-E21S02T03-locale-detection.md,docs/implementation-cycles,Dev-kit specialisation,Consolidated IPW implementation plan package for E21:S02:T03,Optimal,FR-042 IPP; specification-and-planning-artifacts-policy.md,Medium,Consistent,keep,docs
docs/implementation-cycles/IPP-E21S02T04-locale-switching.md,docs/implementation-cycles,Dev-kit specialisation,Consolidated IPW implementation plan package for E21:S02:T04,Optimal,FR-042 IPP; specification-and-planning-artifacts-policy.md,Medium,Consistent,keep,docs
docs/implementation-cycles/IPP-E21S02T05-locale-formatting.md,docs/implementation-cycles,Dev-kit specialisation,Consolidated IPW implementation plan package for E21:S02:T05,Optimal,FR-042 IPP; specification-and-planning-artifacts-policy.md,Medium,Consistent,keep,docs
docs/implementation-cycles/IPP-E21S02T06-locale-key-system.md,docs/implementation-cycles,Dev-kit specialisation,Consolidated IPW implementation plan package for E21:S02:T06,Optimal,FR-042 IPP; specification-and-planning-artifacts-policy.md,Medium,Consistent,keep,docs
docs/implementation-cycles/IPP-E21S02T07-locale-fallback-chain.md,docs/implementation-cycles,Dev-kit specialisation,Consolidated IPW implementation plan package for E21:S02:T07,Optimal,FR-042 IPP; specification-and-planning-artifacts-policy.md,Medium,Consistent,keep,docs
docs/implementation-cycles/IPP-E21S03T01-identify-extract-translatable-content.md,docs/implementation-cycles,Dev-kit specialisation,Consolidated IPW implementation plan package for E21:S03:T01,Optimal,FR-042 IPP; specification-and-planning-artifacts-policy.md,Medium,Consistent,keep,docs
docs/implementation-cycles/IPP-E21S03T02-create-translation-files-major-languages.md,docs/implementation-cycles,Dev-kit specialisation,Consolidated IPW implementation plan package for E21:S03:T02,Optimal,FR-042 IPP; specification-and-planning-artifacts-policy.md,Medium,Consistent,keep,docs
docs/implementation-cycles/IPP-E21S03T03-translation-lookup-rendering.md,docs/implementation-cycles,Dev-kit specialisation,Consolidated IPW implementation plan package for E21:S03:T03,Optimal,FR-042 IPP; specification-and-planning-artifacts-policy.md,Medium,Consistent,keep,docs
docs/implementation-cycles/IPP-E21S03T04-translation-workflow-review.md,docs/implementation-cycles,Dev-kit specialisation,Consolidated IPW implementation plan package for E21:S03:T04,Optimal,FR-042 IPP; specification-and-planning-artifacts-policy.md,Medium,Consistent,keep,docs
docs/implementation-cycles/IPP-E21S03T05-translation-management-tools.md,docs/implementation-cycles,Dev-kit specialisation,Consolidated IPW implementation plan package for E21:S03:T05,Optimal,FR-042 IPP; specification-and-planning-artifacts-policy.md,Medium,Consistent,keep,docs
docs/implementation-cycles/IPP-E21S03T06-translation-completeness-tracking.md,docs/implementation-cycles,Dev-kit specialisation,Consolidated IPW implementation plan package for E21:S03:T06,Optimal,FR-042 IPP; specification-and-planning-artifacts-policy.md,Medium,Consistent,keep,docs
docs/implementation-cycles/IPP-E21S03T07-test-translations-locale-support.md,docs/implementation-cycles,Dev-kit specialisation,Consolidated IPW implementation plan package for E21:S03:T07,Optimal,FR-042 IPP; specification-and-planning-artifacts-policy.md,Medium,Consistent,keep,docs
docs/implementation-cycles/IPP-E21S04T01-research-cultural-requirements-target-locales.md,docs/implementation-cycles,Dev-kit specialisation,Consolidated IPW implementation plan package for E21:S04:T01,Optimal,FR-042 IPP; specification-and-planning-artifacts-policy.md,Medium,Consistent,keep,docs
docs/implementation-cycles/IPP-E21S04T02-supersede-merge-into-t04.md,docs/implementation-cycles,Dev-kit specialisation,Consolidated IPW implementation plan package for E21:S04:T02,Optimal,FR-042 IPP; specification-and-planning-artifacts-policy.md,Medium,Consistent,keep,docs
docs/implementation-cycles/IPP-E21S04T03-rtl-support-arabic-hebrew.md,docs/implementation-cycles,Dev-kit specialisation,Consolidated IPW implementation plan package for E21:S04:T03,Optimal,FR-042 IPP; specification-and-planning-artifacts-policy.md,Medium,Consistent,keep,docs
docs/implementation-cycles/IPP-E21S04T04-cultural-content-adaptation.md,docs/implementation-cycles,Dev-kit specialisation,Consolidated IPW implementation plan package for E21:S04:T04,Optimal,FR-042 IPP; specification-and-planning-artifacts-policy.md,Medium,Consistent,keep,docs
docs/implementation-cycles/IPP-E21S04T05-cultural-formatting-validation.md,docs/implementation-cycles,Dev-kit specialisation,Consolidated IPW implementation plan package for E21:S04:T05,Optimal,FR-042 IPP; specification-and-planning-artifacts-policy.md,Medium,Consistent,keep,docs
docs/implementation-cycles/IPP-E21S05T01-spanish-es-translation-files.md,docs/implementation-cycles,Dev-kit specialisation,Consolidated IPW implementation plan package for E21:S05:T01,Optimal,FR-042 IPP; specification-and-planning-artifacts-policy.md,Medium,Consistent,keep,docs
docs/implementation-cycles/IPP-E21S05T02-french-fr-translation-files.md,docs/implementation-cycles,Dev-kit specialisation,Consolidated IPW implementation plan package for E21:S05:T02,Optimal,FR-042 IPP; specification-and-planning-artifacts-policy.md,Medium,Consistent,keep,docs
docs/implementation-cycles/IPP-E21S06T01-chinese-simplified-zh-cn-translation-files.md,docs/implementation-cycles,Dev-kit specialisation,Consolidated IPW implementation plan package for E21:S06:T01,Optimal,FR-042 IPP; specification-and-planning-artifacts-policy.md,Medium,Consistent,keep,docs
docs/implementation-cycles/IPP-E21S08T01-accessibility-layered-cli-first.md,docs/implementation-cycles,Dev-kit specialisation,Consolidated IPW implementation plan package for E21:S08:T01,Optimal,FR-042 IPP; specification-and-planning-artifacts-policy.md,Medium,Consistent,keep,docs
docs/implementation-cycles/IPP-E21S08T03-cli-terminal-accessibility.md,docs/implementation-cycles,Dev-kit specialisation,Consolidated IPW implementation plan package for E21:S08:T03,Optimal,FR-042 IPP; specification-and-planning-artifacts-policy.md,Medium,Consistent,keep,docs
docs/implementation-cycles/IPP-E2S01T22-rw-perpetual-version-py-build-br075.md,docs/implementation-cycles,Dev-kit specialisation,Consolidated IPW implementation plan package for E2:S01:T22,Optimal,FR-042 IPP; specification-and-planning-artifacts-policy.md,Medium,Consistent,keep,docs
docs/implementation-cycles/IPP-E2S01T23-tool-agnostic-workflow-step-tracking-runlogs.md,docs/implementation-cycles,Dev-kit specialisation,Consolidated IPW implementation plan package for E2:S01:T23,Optimal,FR-042 IPP; specification-and-planning-artifacts-policy.md,Medium,Consistent,keep,docs
docs/implementation-cycles/IPP-E2S06T01-package-uninstall-reimplementation.md,docs/implementation-cycles,Dev-kit specialisation,Consolidated IPW implementation plan package for E2:S06:T01,Optimal,FR-042 IPP; specification-and-planning-artifacts-policy.md,Medium,Consistent,keep,docs
docs/implementation-cycles/IPP-E2S08T08-forensic-logging-rollback-fr059.md,docs/implementation-cycles,Dev-kit specialisation,Consolidated IPW implementation plan package for E2:S08:T08,Optimal,FR-042 IPP; specification-and-planning-artifacts-policy.md,Medium,Consistent,keep,docs
docs/implementation-cycles/IPP-E2S15T02-ipp-post-run-governance-reconciliation-ownership.md,docs/implementation-cycles,Dev-kit specialisation,Consolidated IPW implementation plan package for E2:S15:T02,Optimal,FR-042 IPP; specification-and-planning-artifacts-policy.md,Medium,Consistent,keep,docs
docs/implementation-cycles/IPP-E2S15T03-duplicate-footer-validation-hardening-and-timestamp-divergence-guardrails.md,docs/implementation-cycles,Dev-kit specialisation,Consolidated IPW implementation plan package for E2:S15:T03,Optimal,FR-042 IPP; specification-and-planning-artifacts-policy.md,Medium,Consistent,keep,docs
docs/implementation-cycles/IPP-E2S15T04-br069-row-tail-normalization-and-terminal-timestamp-interaction.md,docs/implementation-cycles,Dev-kit specialisation,Consolidated IPW implementation plan package for E2:S15:T04,Optimal,FR-042 IPP; specification-and-planning-artifacts-policy.md,Medium,Consistent,keep,docs
docs/implementation-cycles/IPP-E2S15T05-ukw-rw-canonical-row-transform-engine-fr090.md,docs/implementation-cycles,Dev-kit specialisation,Consolidated IPW implementation plan package for E2:S15:T05,Optimal,FR-042 IPP; specification-and-planning-artifacts-policy.md,Medium,Consistent,keep,docs
docs/implementation-cycles/IPP-E2S15T07-canonical-rw-ukw-kanban-consistency-program.md,docs/implementation-cycles,Dev-kit specialisation,Consolidated IPW implementation plan package for E2:S15:T07,Optimal,FR-042 IPP; specification-and-planning-artifacts-policy.md,Medium,Consistent,keep,docs
docs/implementation-cycles/IPP-E2S15T08-board-stamp-authority-forensic-timestamp-recovery.md,docs/implementation-cycles,Dev-kit specialisation,Consolidated IPW implementation plan package for E2:S15:T08,Optimal,FR-042 IPP; specification-and-planning-artifacts-policy.md,Medium,Consistent,keep,docs
docs/implementation-cycles/IPP-E2S16T01-canonical-perpetual-ongoing-tasks-story.md,docs/implementation-cycles,Dev-kit specialisation,Consolidated IPW implementation plan package for E2:S16:T01,Optimal,FR-042 IPP; specification-and-planning-artifacts-policy.md,Medium,Consistent,keep,docs
docs/implementation-cycles/IPP-E2S16T02-perpetual-task-inventory.md,docs/implementation-cycles,Dev-kit specialisation,Consolidated IPW implementation plan package for E2:S16:T02,Optimal,FR-042 IPP; specification-and-planning-artifacts-policy.md,Medium,Consistent,keep,docs
docs/implementation-cycles/IPP-E2S16T03-rehouse-workflow-perpetual-tasks.md,docs/implementation-cycles,Dev-kit specialisation,Consolidated IPW implementation plan package for E2:S16:T03,Optimal,FR-042 IPP; specification-and-planning-artifacts-policy.md,Medium,Consistent,keep,docs
docs/implementation-cycles/IPP-E2S16T07-ukw-fbu-temporal-tracking-fr050.md,docs/implementation-cycles,Dev-kit specialisation,Consolidated IPW implementation plan package for E2:S16:T07,Optimal,FR-042 IPP; specification-and-planning-artifacts-policy.md,Medium,Consistent,keep,docs
docs/implementation-cycles/IPP-E2S16T09-ipw-slash-command-and-ipp-state-transition.md,docs/implementation-cycles,Dev-kit specialisation,Consolidated IPW implementation plan package for E2:S16:T09,Optimal,FR-042 IPP; specification-and-planning-artifacts-policy.md,Medium,Consistent,keep,docs
docs/implementation-cycles/IPP-E2S16T12-ipw-adr-necessity-checklist-fr100.md,docs/implementation-cycles,Dev-kit specialisation,Consolidated IPW implementation plan package for E2:S16:T12,Optimal,FR-042 IPP; specification-and-planning-artifacts-policy.md,Medium,Consistent,keep,docs
docs/implementation-cycles/IPP-E4S06T01-canonical-est-template-closure-fr005.md,docs/implementation-cycles,Dev-kit specialisation,Consolidated IPW implementation plan package for E4:S06:T01,Optimal,FR-042 IPP; specification-and-planning-artifacts-policy.md,Medium,Consistent,keep,docs
docs/implementation-cycles/IPP-E4S08T07-task-split-multi-epic-fr011.md,docs/implementation-cycles,Dev-kit specialisation,Consolidated IPW implementation plan package for E4:S08:T07,Optimal,FR-042 IPP; specification-and-planning-artifacts-policy.md,Medium,Consistent,keep,docs
docs/implementation-cycles/IPP-E4S13T07-kanban-fbu-state-icons-moscow-rows.md,docs/implementation-cycles,Dev-kit specialisation,Consolidated IPW implementation plan package for E4:S13:T07,Optimal,FR-042 IPP; specification-and-planning-artifacts-policy.md,Medium,Consistent,keep,docs
docs/implementation-cycles/IPP-E4S19T02-canonical-supporting-kanban-fbu-doc-naming-and-terminology.md,docs/implementation-cycles,Dev-kit specialisation,Consolidated IPW implementation plan package for E4:S19:T02,Optimal,FR-042 IPP; specification-and-planning-artifacts-policy.md,Medium,Consistent,keep,docs
docs/implementation-cycles/IPP-E4S19T03-e6s07-default-housing-drift-investigation.md,docs/implementation-cycles,Dev-kit specialisation,Consolidated IPW implementation plan package for E4:S19:T03,Optimal,FR-042 IPP; specification-and-planning-artifacts-policy.md,Medium,Consistent,keep,docs
docs/implementation-cycles/IPP-E4S19T04-kboard-fbuboard-ipp-segment-after-fbu-task-links.md,docs/implementation-cycles,Dev-kit specialisation,Consolidated IPW implementation plan package for E4:S19:T04,Optimal,FR-042 IPP; specification-and-planning-artifacts-policy.md,Medium,Consistent,keep,docs
docs/implementation-cycles/IPP-E4S19T05-kanban-fr-br-uxr-filename-normalization.md,docs/implementation-cycles,Dev-kit specialisation,Consolidated IPW implementation plan package for E4:S19:T05,Optimal,FR-042 IPP; specification-and-planning-artifacts-policy.md,Medium,Consistent,keep,docs
docs/implementation-cycles/IPP-E4S19T06-fbu-meta-normalization-and-intake-governance.md,docs/implementation-cycles,Dev-kit specialisation,Consolidated IPW implementation plan package for E4:S19:T06,Optimal,FR-042 IPP; specification-and-planning-artifacts-policy.md,Medium,Consistent,keep,docs
docs/implementation-cycles/IPP-E4S19T09-two-digit-est-identifier-default-formatting.md,docs/implementation-cycles,Dev-kit specialisation,Consolidated IPW implementation plan package for E4:S19:T09,Optimal,FR-042 IPP; specification-and-planning-artifacts-policy.md,Medium,Consistent,keep,docs
docs/implementation-cycles/IPP-E5S01T42-ascertain-requirements-sequence-closure.md,docs/implementation-cycles,Dev-kit specialisation,Consolidated IPW implementation plan package for E5:S01:T42,Optimal,FR-042 IPP; specification-and-planning-artifacts-policy.md,Medium,Consistent,keep,docs
docs/implementation-cycles/IPP-E5S01T46-fr046-closure-wave.md,docs/implementation-cycles,Dev-kit specialisation,Consolidated IPW implementation plan package for E5:S01:T46,Optimal,FR-042 IPP; specification-and-planning-artifacts-policy.md,Medium,Consistent,keep,docs
docs/implementation-cycles/IPP-E5S01T56-package-workflow-docs.md,docs/implementation-cycles,Dev-kit specialisation,Consolidated IPW implementation plan package for E5:S01:T56,Optimal,FR-042 IPP; specification-and-planning-artifacts-policy.md,Medium,Consistent,keep,docs
docs/implementation-cycles/IPP-E5S01T62-github-release-install-fr062.md,docs/implementation-cycles,Dev-kit specialisation,Consolidated IPW implementation plan package for E5:S01:T62,Optimal,FR-042 IPP; specification-and-planning-artifacts-policy.md,Medium,Consistent,keep,docs
docs/implementation-cycles/IPP-E6S01T38-ukw-completed-task-removal-defect.md,docs/implementation-cycles,Dev-kit specialisation,Consolidated IPW implementation plan package for E6:S01:T38,Optimal,FR-042 IPP; specification-and-planning-artifacts-policy.md,Medium,Consistent,keep,docs
docs/implementation-cycles/IPP-E6S09T02-brownfield-modular-adopter-integration-fr081.md,docs/implementation-cycles,Dev-kit specialisation,Consolidated IPW implementation plan package for E6:S09:T02,Optimal,FR-042 IPP; specification-and-planning-artifacts-policy.md,Medium,Consistent,keep,docs
docs/implementation-cycles/IPP-E6S09T04-ecc-harness-layer-phase0-fr098.md,docs/implementation-cycles,Dev-kit specialisation,Consolidated IPW implementation plan package for E6:S09:T04,Optimal,FR-042 IPP; specification-and-planning-artifacts-policy.md,Medium,Consistent,keep,docs
docs/implementation-cycles/IPP-E6S09T05-adk-ecc-workflow-skill-pack-fr098.md,docs/implementation-cycles,Dev-kit specialisation,Consolidated IPW implementation plan package for E6:S09:T05,Optimal,FR-042 IPP; specification-and-planning-artifacts-policy.md,Medium,Consistent,keep,docs
docs/implementation-cycles/IPP-E6S09T06-ecc-harness-phases-2-5-fr098.md,docs/implementation-cycles,Dev-kit specialisation,Consolidated IPW implementation plan package for E6:S09:T06,Optimal,FR-042 IPP; specification-and-planning-artifacts-policy.md,Medium,Consistent,keep,docs
docs/implementation-cycles/IPP-E7S01T11-consolidate-governance-under-docs-governance.md,docs/implementation-cycles,Dev-kit specialisation,Consolidated IPW implementation plan package for E7:S01:T11,Optimal,FR-042 IPP; specification-and-planning-artifacts-policy.md,Medium,Consistent,keep,docs
docs/implementation-cycles/IPP-E9S05T04-kanban-naming-hygiene.md,docs/implementation-cycles,Dev-kit specialisation,Consolidated IPW implementation plan package for E9:S05:T04,Optimal,FR-042 IPP; specification-and-planning-artifacts-policy.md,Medium,Consistent,keep,docs
docs/implementation-cycles/IPW-E3S02T12-task-touch-semver-collision-hardening.md,docs/implementation-cycles,Dev-kit specialisation,Implementation-cycle planning artifact (IPP/ICW durable output),Optimal,specification-and-planning-artifacts-policy.md,Medium,Consistent,keep,docs
docs/implementation-cycles/IPW-E4S19T02-canonical-supporting-kanban-fbu-doc-naming-and-terminology.md,docs/implementation-cycles,Dev-kit specialisation,Implementation-cycle planning artifact (IPP/ICW durable output),Optimal,specification-and-planning-artifacts-policy.md,Medium,Consistent,keep,docs
docs/implementation-cycles/IPW-E5S09T11-docusaurus-monorepo-markdown-links-br068.md,docs/implementation-cycles,Dev-kit specialisation,Implementation-cycle planning artifact (IPP/ICW durable output),Optimal,specification-and-planning-artifacts-policy.md,High,Consistent,keep,docs
docs/implementation-cycles/IPW-E6S06T57-br039-vendor-blocker-planning.md,docs/implementation-cycles,Dev-kit specialisation,Implementation-cycle planning artifact (IPP/ICW durable output),Optimal,specification-and-planning-artifacts-policy.md,Medium,Consistent,keep,docs
docs/implementation-cycles/IPW-E6S06T62-global-ipw-gated-implementation-contract.md,docs/implementation-cycles,Dev-kit specialisation,Implementation-cycle planning artifact (IPP/ICW durable output),Optimal,specification-and-planning-artifacts-policy.md,Medium,Consistent,keep,docs
docs/implementation-cycles/IPW-E6S07T103-release-workflow-maintenance-perpetual.md,docs/implementation-cycles,Dev-kit specialisation,Implementation-cycle planning artifact (IPP/ICW durable output),Optimal,specification-and-planning-artifacts-policy.md,Medium,Consistent,keep,docs
docs/implementation-cycles/IPW-E6S07T112-install-feedback-submission-governance.md,docs/implementation-cycles,Dev-kit specialisation,Implementation-cycle planning artifact (IPP/ICW durable output),Optimal,specification-and-planning-artifacts-policy.md,Medium,Consistent,keep,docs
docs/implementation-cycles/IPW-E6S07T113-rw-step-12-5-github-release-parser-hardening.md,docs/implementation-cycles,Dev-kit specialisation,Implementation-cycle planning artifact (IPP/ICW durable output),Optimal,specification-and-planning-artifacts-policy.md,Medium,Consistent,keep,docs
docs/implementation-cycles/IPW-E6S09T01-greenfield-installation-fr080.md,docs/implementation-cycles,Dev-kit specialisation,Implementation-cycle planning artifact (IPP/ICW durable output),Optimal,specification-and-planning-artifacts-policy.md,High,Consistent,keep,docs
docs/implementation-cycles/IPW-E7S06T18-interactive-installer-kanban-pattern-clarity.md,docs/implementation-cycles,Dev-kit specialisation,Implementation-cycle planning artifact (IPP/ICW durable output),Optimal,specification-and-planning-artifacts-policy.md,Medium,Consistent,keep,docs
docs/implementation-cycles/IPW-PUBLICATION-BACKFILL-INVENTORY.md,docs/implementation-cycles,Dev-kit specialisation,Implementation-cycle planning artifact (IPP/ICW durable output),Optimal,specification-and-planning-artifacts-policy.md,Medium,Consistent,keep,docs
docs/implementation-cycles/PM-AGENT-002-COULD-HAVE-EXECUTION-SUMMARY.md,docs/implementation-cycles,Dev-kit specialisation,Agent coordination setup doc for ICW/PM workflows,Optimal,ICW agent bootstrap notes,Low,Consistent,keep,docs
docs/implementation-cycles/PM-AGENT-002-COULD-HAVE-SETUP.md,docs/implementation-cycles,Dev-kit specialisation,Agent coordination setup doc for ICW/PM workflows,Optimal,ICW agent bootstrap notes,Low,Consistent,keep,docs
docs/implementation-cycles/README.md,docs/implementation-cycles,Dev-kit specialisation,Implementation-cycles corpus index (IPP/ICW durable artifacts policy),Optimal,specification-and-planning-artifacts-policy.md,Medium,Consistent,keep,docs
docs/implementation-cycles/RW-AGENT-001-RELEASE-EXECUTION-SUMMARY.md,docs/implementation-cycles,Dev-kit specialisation,Implementation-cycle planning artifact (IPP/ICW durable output),Optimal,specification-and-planning-artifacts-policy.md,Medium,Consistent,keep,docs
docs/implementation-cycles/RW-AGENT-001-RELEASE-SETUP.md,docs/implementation-cycles,Dev-kit specialisation,Implementation-cycle planning artifact (IPP/ICW durable output),Optimal,specification-and-planning-artifacts-policy.md,Medium,Consistent,keep,docs
docs/implementation-cycles/RW-VALIDATE-001-PRE-RELEASE-VALIDATION.md,docs/implementation-cycles,Dev-kit specialisation,Implementation-cycle planning artifact (IPP/ICW durable output),Optimal,specification-and-planning-artifacts-policy.md,Medium,Consistent,keep,docs
docs/implementation-cycles/RW-VALIDATE-001-VALIDATION-RESULTS.md,docs/implementation-cycles,Dev-kit specialisation,Implementation-cycle planning artifact (IPP/ICW durable output),Optimal,specification-and-planning-artifacts-policy.md,Medium,Consistent,keep,docs
docs/implementation-cycles/archive/project-manager-coordination.md,docs/implementation-cycles/archive,Legacy/transitional,Archived ICW/PM planning artifact superseded by IPP consolidation,Acceptable,archive/ subfolder; FR-042 consolidated IPP pattern,Low,Consistent,archive,docs
docs/implementation-cycles/multi-agent-decision-logs.yaml,docs/implementation-cycles,Dev-kit specialisation,Implementation-cycle planning artifact (IPP/ICW durable output),Optimal,specification-and-planning-artifacts-policy.md,Low,Consistent,keep,docs
docs/governance/GOVERNANCE-REHOUSING-INVENTORY.md,docs/governance,Dev-kit specialisation,Policy relocation inventory from FR-101 governance promotion,Optimal,FR-101; E07:S01:T11,High,Consistent,keep,docs
docs/governance/KANBAN-REHOUSING-INVENTORY.md,docs/governance,Dev-kit specialisation,Kanban path promotion inventory (FR-118),Optimal,FR-118; KANBAN-REHOUSING,High,Consistent,keep,docs
docs/governance/README.md,docs/governance,Dev-kit specialisation,Governance corpus index (FR-101 promoted policies),Optimal,FR-101; GOVERNANCE-REHOUSING-INVENTORY,High,Consistent,keep,docs
docs/governance/kanban/README.md,docs/governance/kanban,Dev-kit specialisation,Kanban governance sub-index under docs/governance/kanban,Optimal,FR-101 rehousing; packages/frameworks/kanban policy SoT tension,Medium,Tension,keep,docs
docs/governance/kanban/kanban-governance-policy.md,docs/governance/kanban,Dev-kit specialisation,Kanban governance policy housed under docs/governance (FR-101),Acceptable,Duplicate policy locus vs packages/frameworks/kanban/policies — document SoT,Medium,Tension,keep,docs
docs/governance/principles/bidirectional-wiring-principle.md,docs/governance/principles,Dev-kit specialisation,Governance principle document,Optimal,governance principles corpus,Low,Consistent,keep,docs
docs/governance/standards/DOCUMENTATION_SCHEMA.md,docs/governance/standards,Dev-kit specialisation,Governance standard: DOCUMENTATION_SCHEMA,Optimal,docs/governance/README.md; FR-101,Medium,Consistent,keep,docs
docs/governance/standards/adopter-public-documentation-authoring.md,docs/governance/standards,Dev-kit specialisation,Adopter-public authoring rules (portal/Docusaurus),Optimal,docs/governance/README.md; FR-101,High,Consistent,keep,docs
docs/governance/standards/changelog-archival-policy.md,docs/governance/standards,Dev-kit specialisation,Governance standard: changelog archival policy,Optimal,docs/governance/README.md; FR-101,Medium,Consistent,keep,docs
docs/governance/standards/cli-accessibility-conventions.md,docs/governance/standards,Dev-kit specialisation,Governance standard: cli accessibility conventions,Optimal,docs/governance/README.md; FR-101,Medium,Consistent,keep,docs
docs/governance/standards/dev-kit-ipw-ipp-vs-icw-artifacts.md,docs/governance/standards,Dev-kit specialisation,Governance standard: dev kit ipw ipp vs icw artifacts,Optimal,docs/governance/README.md; FR-101,Medium,Consistent,keep,docs
docs/governance/standards/dev-kit-versioning-policy.md,docs/governance/standards,Dev-kit specialisation,Canonical dev-kit versioning policy (SemVer + internal schema),Optimal,docs/governance/README.md; FR-101,High,Consistent,keep,docs
docs/governance/standards/documentation-governance-strategy.md,docs/governance/standards,Dev-kit specialisation,"Documentation governance strategy (lifecycle, surfaces)",Optimal,docs/governance/README.md; FR-101,High,Consistent,keep,docs
docs/governance/standards/install-rc-checklist.md,docs/governance/standards,Dev-kit specialisation,Governance standard: install rc checklist,Optimal,docs/governance/README.md; FR-101,Medium,Consistent,keep,docs
docs/governance/standards/locale-cultural-content-policy.md,docs/governance/standards,Dev-kit specialisation,Locale/i18n governance standard (locale-cultural-content-policy),Optimal,docs/governance/README.md; FR-101,Medium,Consistent,keep,docs
docs/governance/standards/locale-cultural-requirements.md,docs/governance/standards,Dev-kit specialisation,Locale/i18n governance standard (locale-cultural-requirements),Optimal,docs/governance/README.md; FR-101,Medium,Consistent,keep,docs
docs/governance/standards/locale-detection-conventions.md,docs/governance/standards,Dev-kit specialisation,Locale/i18n governance standard (locale-detection-conventions),Optimal,docs/governance/README.md; FR-101,Medium,Consistent,keep,docs
docs/governance/standards/locale-directional-icon-audit.md,docs/governance/standards,Dev-kit specialisation,Locale/i18n governance standard (locale-directional-icon-audit),Optimal,docs/governance/README.md; FR-101,Medium,Consistent,keep,docs
docs/governance/standards/locale-fallback-conventions.md,docs/governance/standards,Dev-kit specialisation,Locale/i18n governance standard (locale-fallback-conventions),Optimal,docs/governance/README.md; FR-101,Medium,Consistent,keep,docs
docs/governance/standards/locale-file-structure-conventions.md,docs/governance/standards,Dev-kit specialisation,Locale/i18n governance standard (locale-file-structure-conventions),Optimal,docs/governance/README.md; FR-101,Medium,Consistent,keep,docs
docs/governance/standards/locale-formatting-conventions.md,docs/governance/standards,Dev-kit specialisation,Locale/i18n governance standard (locale-formatting-conventions),Optimal,docs/governance/README.md; FR-101,Medium,Consistent,keep,docs
docs/governance/standards/locale-key-conventions.md,docs/governance/standards,Dev-kit specialisation,Locale/i18n governance standard (locale-key-conventions),Optimal,docs/governance/README.md; FR-101,Medium,Consistent,keep,docs
docs/governance/standards/locale-loanword-glossary.md,docs/governance/standards,Dev-kit specialisation,Locale/i18n governance standard (locale-loanword-glossary),Optimal,docs/governance/README.md; FR-101,Medium,Consistent,keep,docs
docs/governance/standards/locale-rollout-matrix.md,docs/governance/standards,Dev-kit specialisation,Locale/i18n governance standard (locale-rollout-matrix),Optimal,docs/governance/README.md; FR-101,Medium,Consistent,keep,docs
docs/governance/standards/locale-rtl-conventions.md,docs/governance/standards,Dev-kit specialisation,Locale/i18n governance standard (locale-rtl-conventions),Optimal,docs/governance/README.md; FR-101,Medium,Consistent,keep,docs
docs/governance/standards/locale-switching-conventions.md,docs/governance/standards,Dev-kit specialisation,Locale/i18n governance standard (locale-switching-conventions),Optimal,docs/governance/README.md; FR-101,Medium,Consistent,keep,docs
docs/governance/standards/specification-and-planning-artifacts-policy.md,docs/governance/standards,Dev-kit specialisation,IPP/ICW durable artifact housing policy,Optimal,docs/governance/README.md; FR-101,High,Consistent,keep,docs
docs/governance/standards/translatable-content-inventory.md,docs/governance/standards,Dev-kit specialisation,Governance standard: translatable content inventory,Optimal,docs/governance/README.md; FR-101,Medium,Consistent,keep,docs
docs/governance/standards/translatable-content-registry.yaml,docs/governance/standards,Operational,Translatable content registry (machine-readable governance),Optimal,docs/governance/README.md; FR-101,Medium,Consistent,keep,docs
docs/governance/standards/translation-workflow-and-review.md,docs/governance/standards,Dev-kit specialisation,Governance standard: translation workflow and review,Optimal,docs/governance/README.md; FR-101,Medium,Consistent,keep,docs
docs/kanban/kboard.md,docs/kanban,Dev-kit specialisation,Canonical active MoSCOW kanban board (FR-109 lean),Optimal,rw-config kanban_root; FR-097 stamps,High,Consistent,keep,docs
docs/kanban/AGENTS.md,docs/kanban,Dev-kit specialisation,Kanban/workflow agent role definitions for cold-start routing,Optimal,docs/kanban/AGENTS.md; AGENTS.md bootstrap,High,Consistent,keep,docs
docs/kanban/_index.md,docs/kanban,Dev-kit specialisation,Kanban board index / navigation hub,Optimal,kanban _index pattern,Medium,Consistent,keep,docs
docs/kanban/fbu/UXR-033-comprehensive-repository-directory-structure-audit.md,docs/kanban/fbu,Dev-kit specialisation,UXR-033 directory structure audit requirements,Optimal,E07:S01:T13; REPOSITORY-DIRECTORY-AUDIT.md,High,Consistent,keep,docs
docs/kanban/fbu/UXR-034-comprehensive-repository-file-level-audit-within-audited-directories.md,docs/kanban/fbu,Dev-kit specialisation,UXR-034 file-level audit requirements,Optimal,E07:S01:T14; REPOSITORY-FILE-AUDIT.md,High,Consistent,keep,docs
docs/kanban/fbu/FR-140-repository-information-architecture-steady-state-governance.md,docs/kanban/fbu,Dev-kit specialisation,FR-140 repository IA steady-state governance program,Optimal,E07:S01:T15; T14 cartography leg,High,Consistent,keep,docs
docs/changelog-and-release-notes/changelog-archive/**,docs/changelog-and-release-notes,Generated/vendor,Homogeneous RW detailed changelog archive (2240 immutable release snapshots),Optimal,rw-config changelog_dir; BR-097 immutability,Medium,Consistent,keep,docs
docs/journals/**,docs/journals,Operational,Workflow forensic journals (4 files; ADR-008 TTL housekeeping),Optimal,rw-config journal_dir,Low,Consistent,keep,docs
docs/book-project/**,docs/book-project,Dev-kit specialisation,Book manuscript/project metadata (2 files),Optimal,FR-099 book-repo scope,Low,Consistent,keep,docs
docs/adk-feedback/**,docs/adk-feedback,Dev-kit specialisation,Adopter install feedback attempts (3 files; portal-linked),Optimal,UXR-025; BR-068 portal links,Medium,Consistent,keep,docs
docs/project-management/**,docs/project-management,Legacy/transitional,Vestigial project-management shell (2 files) post FR-118 kanban promotion,Suboptimal,FR-118; T13 remove wave; KANBAN-REHOUSING-INVENTORY,High,Tension,remove,docs
docs/kanban/epics/**,docs/kanban,Dev-kit specialisation,Epic/story/task kanban docs (929 files; discrete task doc pattern),Optimal,FR-118; kanban governance; rw Step 7 surfaces,High,Consistent,keep,docs
docs/kanban/fbu/**,docs/kanban,Dev-kit specialisation,FR/BR/UXR intake corpus (256 files; class summary excludes UXR-033/034 + FR-140 rowed separately),Optimal,FR_BR_INTAKE_GUIDE; fbuboard hygiene,High,Consistent,keep,docs
docs/architecture/**,docs/architecture,Dev-kit specialisation,ADRs and architecture standards (non-governance subset post FR-101) (134 files),Acceptable,REPOSITORY-DIRECTORY-AUDIT.md §2 docs/architecture,Medium,Consistent,keep,docs
docs/analysis/**,docs/analysis,Dev-kit specialisation,Maintainer analysis reports (ADR-026 git KB) (9 files),Optimal,REPOSITORY-DIRECTORY-AUDIT.md §2 docs/analysis,Medium,Consistent,keep,docs
docs/knowledge/**,docs/knowledge,Dev-kit specialisation,Maintainer knowledge base articles (240 files),Optimal,REPOSITORY-DIRECTORY-AUDIT.md §2 docs/knowledge,Medium,Consistent,keep,docs
docs/guides/**,docs/guides,Dev-kit specialisation,Adopter/maintainer guides (portal-published subset) (8 files),Optimal,REPOSITORY-DIRECTORY-AUDIT.md §2 docs/guides,High,Consistent,keep,docs
docs/documentation/**,docs/documentation,Dev-kit specialisation,Adopter-public documentation source (FR-114) (36 files),Optimal,REPOSITORY-DIRECTORY-AUDIT.md §2 docs/documentation,High,Consistent,keep,docs
docs/adk-feedback/**,docs/adk-feedback,Dev-kit specialisation,Class summary: 3 files under docs/adk-feedback/ per T13 directory verdict,Optimal,REPOSITORY-DIRECTORY-AUDIT.md §2 row for docs/adk-feedback,Low,Consistent,keep,docs
docs/analysis/**,docs/analysis,Dev-kit specialisation,Class summary: 9 files under docs/analysis/ per T13 directory verdict,Optimal,REPOSITORY-DIRECTORY-AUDIT.md §2 row for docs/analysis,Low,Consistent,keep,docs
docs/architecture/**,docs/architecture,Dev-kit specialisation,Class summary: 134 files under docs/architecture/ per T13 directory verdict,Acceptable,REPOSITORY-DIRECTORY-AUDIT.md §2 row for docs/architecture,Low,Consistent,keep,docs
docs/book-project/**,docs/book-project,Dev-kit specialisation,Class summary: 2 files under docs/book-project/ per T13 directory verdict,Optimal,REPOSITORY-DIRECTORY-AUDIT.md §2 row for docs/book-project,Low,Consistent,keep,docs
docs/changelog-and-release-notes/**,docs/changelog-and-release-notes,Dev-kit specialisation,Class summary: 2242 files — changelog archive + release notes hub,Optimal,rw-config changelog_dir,Medium,Consistent,keep,docs
docs/developer-tools/**,docs/developer-tools,Dev-kit specialisation,Class summary: 2 files under docs/developer-tools/ per T13 directory verdict,Optimal,REPOSITORY-DIRECTORY-AUDIT.md §2 row for docs/developer-tools,Low,Consistent,keep,docs
docs/documentation/**,docs/documentation,Dev-kit specialisation,Class summary: 36 files under docs/documentation/ per T13 directory verdict,Optimal,REPOSITORY-DIRECTORY-AUDIT.md §2 row for docs/documentation,Medium,Consistent,keep,docs
docs/governance/**,docs/governance,Dev-kit specialisation,Class summary: 30 files under docs/governance/ per T13 directory verdict,Optimal,REPOSITORY-DIRECTORY-AUDIT.md §2 row for docs/governance,Medium,Consistent,keep,docs
docs/guides/**,docs/guides,Dev-kit specialisation,Class summary: 8 files under docs/guides/ per T13 directory verdict,Optimal,REPOSITORY-DIRECTORY-AUDIT.md §2 row for docs/guides,Medium,Consistent,keep,docs
docs/implementation-cycles/**,docs/implementation-cycles,Dev-kit specialisation,Class summary: 291 files under docs/implementation-cycles/ per T13 directory verdict,Optimal,REPOSITORY-DIRECTORY-AUDIT.md §2 row for docs/implementation-cycles,Low,Consistent,keep,docs
docs/journals/**,docs/journals,Operational,Class summary: 4 files under docs/journals/ per T13 directory verdict,Optimal,REPOSITORY-DIRECTORY-AUDIT.md §2 row for docs/journals,Low,Consistent,keep,docs
docs/kanban/**,docs/kanban,Dev-kit specialisation,"Class summary: 1213 files — kanban board, epics, FBU intake (FR-118)",Optimal,rw-config kanban_root; High ripple,High,Consistent,keep,docs
docs/knowledge/**,docs/knowledge,Dev-kit specialisation,Class summary: 240 files under docs/knowledge/ per T13 directory verdict,Optimal,REPOSITORY-DIRECTORY-AUDIT.md §2 row for docs/knowledge,Low,Consistent,keep,docs
docs/maintainer/**,docs/maintainer,Dev-kit specialisation,Class summary: 1 files under docs/maintainer/ per T13 directory verdict,Optimal,REPOSITORY-DIRECTORY-AUDIT.md §2 row for docs/maintainer,Low,Consistent,keep,docs
docs/maintenance/**,docs/maintenance,Dev-kit specialisation,Class summary: 32 files under docs/maintenance/ per T13 directory verdict,Optimal,REPOSITORY-DIRECTORY-AUDIT.md §2 row for docs/maintenance,Low,Consistent,keep,docs
docs/project-agent-index.md,docs,Dev-kit specialisation,Agent bootstrap index (validate/sync commands; not cold-start SoT),Optimal,ADR-012; project-agent-manifest.json companion,High,Consistent,keep,docs
docs/project-agent-manifest.json,docs,Operational,Machine-readable agent routing manifest (tooling sync),Optimal,ADR-012; AGENTS.md human SoT,High,Consistent,keep,docs
docs/project-agent-manifest.schema.json,docs,Operational,JSON schema for project-agent-manifest.json,Optimal,manifest validator tooling,Medium,Consistent,keep,docs
docs/project-management/**,docs/project-management,Legacy/transitional,Class summary: 2 files — vestigial FR-118 shell (T13 remove candidate),Suboptimal,FR-118; KANBAN-REHOUSING-INVENTORY.md,High,Tension,remove,docs
docs/release-notes/**,docs/release-notes,Dev-kit specialisation,Class summary: 1 files — release-notes adjunct; overlap with changelog-and-release-notes (T13 consolidate),Acceptable,T13 Suboptimal/consolidate; rw-config changelog_dir,Low,Tension,consolidate,docs
README.md,.,Dev-kit specialisation,"Primary public repo landing page, version badge, and adopter quick-start hub",Optimal,T13 §`.` row; rw-config `readme_file`; GitHub default view,High (500+ refs),Consistent,keep,root-config
AGENTS.md,.,Dev-kit specialisation,Layer-1 agent cold-start routing table and binding rules (ADR-012),Optimal,ADR-012; `docs/project-agent-manifest.json` mirror; FR-103 bootstrap,High (~170 refs),Consistent,keep,root-config
CLAUDE.md,.,Dev-kit specialisation,Claude Code project instructions and workflow trigger routing companion to `.cursorrules`,Optimal,`.claude/commands/*` cross-links; workflow-initiation-cheatsheet,High (~78 refs),Consistent,keep,root-config
.cursorrules,.,Framework SoT,Canonical Cursor RW/UKW/IPW/IDW/MWF trigger spec and workflow execution rules (dev-kit instance),Optimal,Dual-source parity with `cursorrules-rw-trigger-section.md`; installer copies to adopters,High (500+ refs),Consistent,keep,root-config
rw-config.yaml,.,Dev-kit specialisation,"Project-specific RW path SoT (version, kanban, changelog, CI parity, semver registry)",Optimal,`rw-config-schema.md`; validators load at runtime; T13 evidence,High (500+ refs),Consistent,keep,root-config
CHANGELOG.md,.,Dev-kit specialisation,Main release changelog (Keep a Changelog); RW Step 3/4 write target,Optimal,rw-config `main_changelog`; CMW archival policy,High (CI + RW critical path),Consistent,keep,root-config
semver-registry.yaml,.,Dev-kit specialisation,Task-touch SemVer mapping store shared by RW release metadata,Optimal,rw-config `semver_registry`; FR-116/FR-045; finalize_rw_semver_registry.py,High (~140 refs),Consistent,keep,root-config
pytest.ini,.,Operational,Root pytest configuration for repo-wide and workflow-script test discovery,Optimal,`.github/workflows/tests.yml`; `validate_actions_ci_parity.py`,High (~47 refs),Consistent,keep,root-config
pytest-cli-cov.ini,.,Operational,Dedicated pytest config for CLI package coverage (UXR-030 / FR-138),Optimal,`scripts/run_cli_pytest_coverage.sh`; tests workflow parity gate,High (~15 refs; CI path),Consistent,keep,root-config
setup.py,.,Operational,setuptools entry for `ai-dev-kit` CLI package install (`cli/`),Acceptable,`cli/__init__.py` version source; PyPI packaging docs; no `pyproject.toml` at root,High (~67 refs),Consistent,keep,root-config
requirements.txt,.,Operational,Declared Python dependencies for dev/CI installs and portal tooling,Acceptable,portal/README; framework dependency guides; tests/README,High (~36 refs),Consistent,keep,root-config
MANIFEST.in,.,Operational,sdist package manifest includes for CLI distribution,Acceptable,`setup.py` packaging; cli-publishing-guide,Low (4 refs),Consistent,keep,root-config
LICENSE,.,Dev-kit specialisation,MIT license file (FR-117 legal metadata),Optimal,README badge; FR-117; kanban template T03-LICENSE,High (~40 refs),Consistent,keep,root-config
CONTRIBUTING.md,.,Dev-kit specialisation,"Contributor intake guide (GitHub Issues templates, no-repo-access path)",Optimal,README link; FR-117 scaffold pattern,High (~15 refs),Consistent,keep,root-config
INSTALL_IN_YOUR_PROJECT.md,.,Dev-kit specialisation,"Adopter installation playbook (greenfield/brownfield, submodule/vendor paths)",Suboptimal (candidate `docs/documentation/user-docs/` or `docs/guides/` per UXR-013/T10),README prominent link; FR-080/FR-110 install programs; 55KB root footprint,High (~200+ refs),Tension (canonical entrypoint vs root-minimal UX),relocate (T10; valuation only),root-config
.gitignore,.,Operational,"Repo ignore rules (venvs, caches, build artifacts, local RW state)",Optimal,REPOSITORY-DIRECTORY-AUDIT §0 exclusions; install_release_workflow scaffolds,High (~37 refs),Consistent,keep,root-config
.pre-commit-config.yaml,.,Operational,"Local pre-commit hook definitions (format, validators)",Optimal,adopter-public-documentation-authoring.md; kanban path migration scripts,High (~13 refs; CI-adjacent),Consistent,keep,root-config
.python-version,.,Operational,pyenv/asdf Python pin (3.11+ policy alignment),Acceptable,FR-104/BR-077; `tests/test_python_version_policy.py`,Medium (7 refs),Consistent,keep,root-config
.markdownlint.json,.,Operational,Markdownlint rule config for doc hygiene,Acceptable,workflow-documentation-style-guide mentions only,Medium (3 refs),Consistent,keep,root-config
.ai-dev-kit.yaml,.,Dev-kit specialisation,"CLI framework manifest stub (`default_backend`, version marker)",Acceptable,`cli/config.py`; install-error-codes; FR-030 CLI tool,High (~103 refs),Consistent,keep,root-config
